lat,lon,name,category
55.7540334,37.7144778,Префектура ЮВАО г. Москвы,Офис
55.7790193,37.6017619,Московская Страховая Компания,Офис
55.7792066,37.6028396,Информстрах,Офис
55.7649729,37.6674539,посольство Эквадора,Офис
55.7468162,37.6471187,Центральная акцизная таможня,Офис
55.6849347,37.6017312,Политехнический колледж 39,Университет
55.7194921,37.5197423,Посольство Ливии,Офис
55.7185857,37.5142277,Посольство Объединенных Арабских Эмиратов,Офис
55.7200775,37.5188446,Посольство Кувейта,Офис
55.7525862,37.6424555,Посольство Австралии,Офис
55.7429332,37.5904418,Консульство Австрии,Офис
55.7696838,37.6058863,Посольство Словении,Офис
55.7669296,37.6164169,Посольство Алжира,Офис
55.7754321,37.622791,Посольство Венесуэлы,Офис
55.7582251,37.6380818,Посольство Беларуси,Офис
55.7638167,37.6417137,Посольство Республики Казахстан,Офис
55.7652039,37.6410307,Посольство Швейцарии,Офис
55.7378714,37.593152,посольство Ливана,Офис
55.7194303,37.5124425,Посольство Анголы,Офис
55.7415448,37.5662172,Посольство Брунея,Офис
55.7761763,37.6480193,посольство Алжира (консульский отдел),Офис
55.7326469,37.6212885,Посольство Узбекистана,Офис
55.7337798,37.6236567,Посольство Израиля,Офис
55.7216968,37.6544792,МОФОМС,Офис
55.7557724,37.6969041,МГВМИ,Университет
55.7508393,37.7081449,управление Госрадиокомплект,Офис
55.8037876,37.5285776,Ассоциация международных автомобильных перевозчиков,Офис
55.7640154,37.6168294,Международная организация труда (МОТ) в РФ,Офис
55.7592077,37.6025124,Офис Старшего советника по правам человекапри системе ООН в Российской Федерации,Офис
55.7385638,37.5454036,Без названия,Офис
55.7414437,37.60629,Посольство Южной Осетии,Офис
55.7437458,37.5874667,посольство Чили,Офис
55.7848181,37.6273619,Московский областной медицинский колледж,Университет
55.7317935,37.5486456,Согласие,Офис
55.8151108,37.6493475,Институт туризма и гостеприимства,Университет
55.7646985,37.5951558,Производственно Коммерческая Дирекция,Офис
55.7697327,37.5931612,НИ и ПИ Генплана Москвы,Офис
55.7701575,37.5928487,Моспроект,Офис
55.7713139,37.5906239,Мосгосэкспертиза,Офис
55.7694219,37.5938188,Комитет по архитектуре и градостроительству Москвы,Офис
55.7703304,37.5909153,ОАО «Моспроект-2» имени М. В. Посохина,Офис
55.7801738,37.6140109,1С,Офис
55.8134124,37.6372952,МТС,Офис
55.7667663,37.5262928,XiTech.ru,Офис
55.7475855,37.4985787,Средняя школа №72,Школа
55.7250042,37.6376504,ПАО «НК «Роснефть»,Офис
55.7586263,37.6520432,Центр занятости населения отдел Басманный ЦАО г. Москвы,Офис
55.7582991,37.6513164,Единый центр продаж ГУП г .Москвы «Дирекция гаражного строительства»,Офис
55.7884225,37.6632646,ДЕЗ района Сокольники,Офис
55.7339681,37.5702253,Российская академия образования,Университет
55.7323265,37.5822896,Научно-исследовательский институт проблем охраны труда,Офис
55.7381945,37.5334659,Управа района Дорогомилово,Офис
55.7645148,37.644821,Голос Родины,Офис
55.7417438,37.5785585,Комстар,Офис
55.7047402,37.6583898,Институт развития информационного общества (ИРИО),Офис
55.7801655,37.5903873,Ингосстрах,Офис
55.7214674,37.584667,Хамовническая межрайонная прокуратура,Офис
55.7719726,37.6358952,МТС,Офис
55.7618284,37.6496638,Государственная инспекция по маломерным судам МЧС России по г. Москве,Офис
55.7624367,37.6496956,Парамонов А. М.,Офис
55.7029962,37.5544024,"Лицей №1525 ""Воробьевы горы""",Школа
55.6950395,37.5518003,"Центр дополнительного образования детей ""Диалог наук""",Школа
55.7707481,37.6369225,Учительская газета,Офис
55.7496962,37.7042511,Альфастрахование,Офис
55.7716133,37.6381097,Huawei Honor,Офис
55.7581425,37.6512205,Якорь,Офис
55.7098599,37.6427218,"ЦДТ ""Логос""",Школа
55.7746135,37.7048526,Школа №435,Школа
55.7691104,37.6030203,Школа №1113,Школа
55.7616804,37.6583307,Hyundai Truck & Bus,Офис
55.778523,37.7156201,"ФГУП ""Российские сети вещания и оповещения""",Офис
55.7806241,37.7152121,Московский инструментальный завод,Офис
55.7045615,37.569965,Moscow Business School,Университет
55.7820621,37.7276916,"Центр психолого-педагогической реабилитации и коррекции ""Восточный""",Школа
55.7233757,37.6916854,Московская финансово-юридическая академия,Университет
55.7214243,37.5660241,Кафедра факультетской терапии №2,Университет
55.7982304,37.5833737,Дворец бракосочетания № 4,Офис
55.7981222,37.5755881,Твой юрист,Офис
55.8020362,37.5669688,Савеловский районный совет ветеранов войны и труда,Офис
55.7459877,37.6560388,Московский государственный университет технологий и управления имени К. Г. Разумовского,Университет
55.6936475,37.5847639,Инспекция ФНС № 28,Офис
55.7360212,37.6375115,Замоскворецкая межрайонная прокуратура,Офис
55.7360024,37.6375372,Следственный отдел по Замоскворецкому району г. Москвы,Офис
55.7700621,37.6332875,"Бюро переводов ""Профессионал""",Офис
55.7693564,37.6455181,Управление специальных и технических мероприятий ГУВД Москвы,Офис
55.7007575,37.623464,aitarget,Офис
55.7048795,37.6375683,Пенсионный фонд главное управление ПФР № 8,Офис
55.7044004,37.6651682,Центр занятости ЮАО,Офис
55.8037707,37.552553,"ОАО ТЦ ""Геоинформатика""",Офис
55.766173,37.6460029,Леонова Д. Т.,Офис
55.7714997,37.6371591,Нотариус Герасимова М.Д.,Офис
55.7585593,37.7115837,"Спортивно-технический центр ""Икар""",Школа
55.7718921,37.7111201,"Спортивно-технический центр ""Икар""",Школа
55.7826289,37.711988,Инженерная служба района Соколиная Гора,Офис
55.7487905,37.6477769,Болгарский культурный институт,Офис
55.7601506,37.6299204,Департамент ОБДД МВД РФ,Офис
55.8155341,37.6377197,Типография №2,Офис
55.7383062,37.6199456,Русское географическое общество (Московское отделение),Офис
55.7380848,37.6195829,АО «Атомэнергопром»,Офис
55.7887659,37.6334176,Медицинская газета,Офис
55.7714769,37.6469092,Территориальное управление Росимущества в городе Москве,Офис
55.7890617,37.7088761,ОАО Пьезо,Офис
55.7330617,37.6183232,Министерство образования Московской области,Офис
55.7773148,37.7047097,"ОАО ""ВНИПИэнергопром""",Офис
55.7713046,37.6322254,РЕСО страхование,Офис
55.8127985,37.6276015,ИТАР-ТАСС автобаза,Офис
55.8128322,37.6276966,ИТАР-ТАСС типография,Офис
55.8119946,37.6364622,Институт бизнеса и права,Офис
55.8130343,37.6284114,Мосводоканал специализированная автобаза,Офис
55.8119497,37.6364524,"ОАО ""Гипромез""",Офис
55.8105096,37.6346907,Росавтодор,Офис
55.8118852,37.6364457,Росреестр,Офис
55.8108625,37.6338437,Совинсервис,Офис
55.8123278,37.6355435,Финансовый университет,Университет
55.7735151,37.6501942,Нотариус Демина,Офис
55.7728776,37.6507534,ГУТА-Страхование,Офис
55.7688217,37.6384773,Совет ветеранов,Офис
55.7346676,37.662077,Автофрамос,Офис
55.7690245,37.6391192,Национальный телевизионный синдикат,Офис
55.7033466,37.6934392,Global Spirits,Офис
55.7393075,37.583298,Посольство Саудовской Аравии,Офис
55.771215,37.6327733,UpJet,Офис
55.6935615,37.625028,АЛД Автомотив,Офис
55.7385592,37.6585562,Театральный художественно-технический колледж №60,Университет
55.7684078,37.6257159,Фомин В. А.,Офис
55.7407358,37.5245694,Цезарь Сателлит,Офис
55.7677438,37.6435297,Басманная межрайонная прокуратура,Офис
55.7674675,37.644178,Московское общество защиты потребителей,Офис
55.7897637,37.6089304,"Центр еврейского образования ""Бейт швидлер""",Школа
55.7903447,37.5898813,Культура,Офис
55.7901459,37.5900741,Собеседник,Офис
55.7399193,37.6142711,МТС,Офис
55.7670562,37.6693082,СУ-25 Мосасфальтстрой,Офис
55.7671029,37.669294,"СУ-37 СП ОАО ""Дормост""",Офис
55.766624,37.6651002,"ООО ""НИИГАЗЭКОНОМИКА""",Офис
55.7671222,37.6657133,Жилищник Басманного района ОДС №9,Офис
55.7654436,37.6637889,Департамент труда и социальной защиты населения города Москвы,Офис
55.8050775,37.5670803,Петрол Плюс,Офис
55.7854739,37.5947769,Главное следственное управление ГУ МВД России по г. Москве,Офис
55.7915559,37.6767924,Ложкин Валерий Леонидович,Офис
55.7915826,37.676941,РЕСО-Гарантия,Офис
55.8026152,37.5538934,Билайн,Офис
55.7891166,37.606228,Московская еврейская община,Офис
55.693537,37.6245576,Альянс,Офис
55.7857837,37.5955218,Билайн,Офис
55.7652333,37.6222276,МАКС-М,Офис
55.7027559,37.691577,РАТ,Офис
55.780376,37.5909392,Лига Консультант,Офис
55.7397641,37.546152,Университет РАО,Университет
55.8120694,37.6352509,Персонал-сервис,Офис
55.8122952,37.6319266,Страховое общество Россия,Офис
55.8118453,37.6352256,Без названия,Офис
55.8123459,37.631937,Без названия,Офис
55.7039252,37.5759358,Гагаринская межрайонная прокуратура,Офис
55.7685526,37.6229967,Emirates,Офис
55.7045136,37.584728,IFK Hotel Management,Офис
55.7475548,37.5812492,Dolby CIS Limited,Офис
55.7607158,37.6481852,Свято-Филаретовский православно-христианский институт,Университет
55.8032055,37.582505,ВСК,Офис
55.8034934,37.5824511,Без названия,Офис
55.7687247,37.6477892,Без названия,Офис
55.734892,37.585825,Яндекс.Деньги,Офис
55.7982944,37.6046715,Популярная Механика,Офис
55.7974207,37.6035761,Мосгорбти,Офис
55.7694921,37.6288105,Московский центр развития социальных технологий,Офис
55.7713344,37.6321431,Без названия,Офис
55.7891244,37.6180103,УФМС по району Марьина Роща,Офис
55.7615313,37.6105685,Главстрой,Офис
55.762268,37.610142,Российские сети вещания и оповещения,Офис
55.8045274,37.5841715,МетЛайф Алико,Офис
55.7668171,37.7275087,Школа №77,Школа
55.763969,37.6284494,Военно-страховая компания,Офис
55.7714689,37.6372132,Аякс-Капиталъ,Офис
55.7543075,37.6034089,Центр социальной работы МВД России,Офис
55.803277,37.5611857,Администрация,Офис
55.8021433,37.5828981,Без названия,Офис
55.8037895,37.647121,РЖД,Офис
55.8041993,37.6428187,Первая страховая,Офис
55.803283,37.582233,Миэль,Офис
55.7594823,37.5862593,Посольство Тунисской республики,Офис
55.7756507,37.6765368,ГУТА Страхование,Офис
55.8163747,37.6401409,Ингосстрах,Офис
55.7430405,37.5062203,Zurich,Офис
55.7750456,37.5830733,Yota,Офис
55.7759847,37.585296,"Бюро переводов ""Трактат""",Офис
55.7775697,37.7379557,NSG,Офис
55.7615739,37.6156356,Дети Марии,Офис
55.7226125,37.5670349,"Благотворительный фонд ""Подари жизнь""",Офис
55.749793,37.6835194,"БФ ""Подари надежду""",Офис
55.7735859,37.5992051,Помоги.орг,Офис
55.7578532,37.6053595,"Центр равных возможностей ""Вверх""",Офис
55.7645053,37.5796064,"БФ ""Адреса милосердия""",Офис
55.7916639,37.6955817,"БФ ""Старшие братья старшие сестры""",Офис
55.7234777,37.5667524,"Фонд помощи хосписам ""Вера""",Офис
55.7164219,37.6109526,"Центр социокультурной анимации ""Одухотворение""",Офис
55.7604515,37.6807405,Международный социальный проект Натальи Фаустовой «Колыбельные для всей семьи»,Офис
55.7483279,37.5836067,"БФ ""Детские сердца""",Офис
55.7223853,37.65395,"БФ ""Дети наши""",Офис
55.7283534,37.5322694,"БФ ""Подсолнух""",Офис
55.7118875,37.6318323,Добровольческое движение Даниловцы,Офис
55.7271077,37.6098517,Предание.ру,Офис
55.7435069,37.5592118,Благотворительный фонд помощи взрослым «Живой»,Офис
55.7558,37.596031,Благотворительный фонд «Добросердие»,Офис
55.7026208,37.5667224,Благотворительнчй фонд помощи душевнобольным,Офис
55.7478434,37.5924404,Благотворительное сообщество переводчиков «Настоящее будущее»,Офис
55.7958694,37.5452347,"Благотворительный фонд ""Время добра""",Офис
55.7046893,37.65827,"Благотворительный фонд ""Красота-детям""",Офис
55.7757987,37.6120426,Благотворитльный фонд «Кто если не я?»,Офис
55.761037,37.618552,Федеральное агентство морского и речного транспорта,Офис
55.7684119,37.6479266,Транспортное агентство московского метрополитена,Офис
55.7504544,37.4978415,Институт современного искусства,Университет
55.7440965,37.5629169,Ростелеком,Офис
55.7924342,37.6073835,Ростелеком,Офис
55.8218723,37.5725639,МТС,Офис
55.8038849,37.6482398,Федеральное бюджетное учреждение «Регистр сертификации на федеральном железнодорожном транспорте»,Офис
55.7588364,37.6458316,Корнеева Наталья Васильевна,Офис
55.7464372,37.6548492,Петровское,Офис
55.7694461,37.6561546,Отдел регистрации прав на недвижимость по ЦАО Москвы,Офис
55.7200479,37.6100701,Визовый центр Швеции и Норвегии,Офис
55.7388274,37.6141638,Двитекс,Офис
55.7766799,37.5547136,нотариус Микаелян Л.С.,Офис
55.7642547,37.7032669,Нотариус Сегаева,Офис
55.8119159,37.6364513,Без названия,Офис
55.8185109,37.5738458,МТС,Офис
55.7617972,37.6228668,Посольство Молдовы,Офис
55.7278757,37.6140594,Визовый центр Испании BLS international,Офис
55.760766,37.6462899,Институт Психологии и Психоанализа на Чистых прудах,Университет
55.7063059,37.5965269,"Интернет-магазин ""CigarSmoker.ru""",Офис
55.7119481,37.5744215,Секретариат Юго-западного викариатства города Москвы,Офис
55.764905,37.6087057,Первая страховая компания,Офис
55.7649334,37.608679,Ларт недвижимость,Офис
55.7134173,37.6321926,Siemens,Офис
55.7687047,37.6063112,НПФ Благосостояние,Офис
55.7683989,37.6075272,Энерготехкомплект,Офис
55.7587681,37.6388306,Без названия,Офис
55.7591513,37.6382049,Детский фонд,Офис
55.7886829,37.5899063,Югория,Офис
55.7400701,37.5306865,Московский институт психоанализа,Университет
55.8106287,37.5710378,Многофункциональный центр предоставления государственных и муниципальных услуг района Тимирязевский,Офис
55.7605442,37.6018125,Отделение Пенсионного фонда РФ по г. Москве и Московской области,Офис
55.7528642,37.6109659,Приемная Государственной Думы,Офис
55.7762329,37.5944688,ИПМ им. М.В. Келдыша РАН,Университет
55.7531654,37.603626,Дом приёмов Правительства России,Офис
55.7641868,37.6058508,МегаФон,Офис
55.7530435,37.7011605,Многофункциональный центр предоставления государственных и муниципальных услуг района Лефортово,Офис
55.782525,37.707396,Многофункциональный центр предоставления государственных и муниципальных услуг района Соколиная Гора,Офис
55.7952518,37.6082295,Vita Group,Офис
55.7529806,37.701519,Многофункциональный центр предоставления государственных и муниципальных услуг района Нижегородский,Офис
55.7356188,37.6357204,Многофункциональный центр предоставления государственных и муниципальных услуг района Замоскворечье,Офис
55.7971422,37.5183491,Многофункциональный центр предоставления государственных и муниципальных услуг района Сокол,Офис
55.7013656,37.5671675,Гагаринский отдел ЗАГС,Офис
55.7445112,37.5482784,Кутузовский отдел ЗАГС,Офис
55.7389276,37.6702083,Таганский отдел ЗАГС,Офис
55.7752297,37.5912254,Тверской отдел ЗАГС,Офис
55.7400467,37.5739579,Хамовнический отдел ЗАГС,Офис
55.741189,37.6365747,Замоскворецкий отдел ЗАГС,Офис
55.7658603,37.6449401,Объединенный архив ЗАГС,Офис
55.74907,37.5822812,Пестрецова Т. А.,Офис
55.74626,37.6823863,Анкор,Офис
55.7736922,37.5771382,Визаход,Офис
55.6941885,37.5910391,ИнфраМенеджер,Офис
55.7746099,37.6291595,Ветеран,Офис
55.7730511,37.7063033,Без названия,Офис
55.7094564,37.6248285,Московская академическая коллегия адвокатов,Офис
55.7396482,37.5296504,"ОАО ""Концерн радиостроения ""Вега""",Офис
55.7604158,37.6440871,Миграционная Служба МВД РФ,Офис
55.761804,37.649313,Московская театральная школа Олега Табакова,Университет
55.7147553,37.6090664,"Государственное автономное профессиональное образовательное учреждение города Москвы ""Московский образовательный комплекс имени Виктора Талалихина""",Университет
55.712912,37.6130602,Многофункциональный центр предоставления государственных и муниципальных услуг района Даниловский,Офис
55.7420284,37.6185801,Визовый центр Италии,Офис
55.7307233,37.5763435,Avon,Офис
55.8061604,37.5826094,Управление социальной защиты населения,Офис
55.7051856,37.585935,Математический факультет НИУ ВШЭ,Университет
55.762379,37.6186053,Дипломатическая миссия Суверенного Мальтийского Ордена в Российской Федерации,Офис
55.7390335,37.5155871,Ассоциация активной помощи престарелым и детям,Офис
55.7255963,37.5850882,"ООО ""Интикома""",Офис
55.7495238,37.7262746,Юго-Восточное ТБТИ,Офис
55.7511978,37.733431,Клава,Офис
55.764702,37.634318,Центр перевода,Офис
55.7644232,37.6325237,Департамент спорта города Москвы,Офис
55.7539675,37.7145025,Сигни Груп,Офис
55.7956305,37.6556843,Желдорэкспедиция,Офис
55.7495836,37.5456896,Конгресс-центр,Офис
55.7495849,37.5452405,Экспо Сервис,Офис
55.7687794,37.6456223,Серёгин и партнёры,Офис
55.7227251,37.5649325,Налоговая инспекция №4,Офис
55.7862121,37.5956126,Без названия,Офис
55.786261,37.5954577,Без названия,Офис
55.7970576,37.5139903,Архитектурное бюро КС,Офис
55.7429908,37.5846651,Многофункциональный центр предоставления государственных и муниципальных услуг района Хамовники,Офис
55.7015538,37.5777256,Green Home,Офис
55.7452437,37.6621316,Европейская Медиагруппа,Офис
55.7466037,37.5852752,Научно-исследовательский центр информатизации Министерства иностранных дел Российской Федерации,Офис
55.7393321,37.5275574,Поморское землячество в Москве,Офис
55.7951426,37.5833022,Инженерная служба,Офис
55.7475749,37.593536,Многофункциональный центр предоставления государственных и муниципальных услуг района Арбат,Офис
55.7428628,37.6594985,ФБУЗ Центр гигиены и эпидемиологии в городе Москве,Офис
55.7422193,37.6573168,Постоянное представительство Кабардино-Балканской республики при президенте Российской Федерации,Офис
55.7495507,37.6585411,Школа № 2104,Школа
55.7618049,37.6220983,Федеральная служба судебных приставов России,Офис
55.7293782,37.5708461,Филипповская Школа,Школа
55.7502749,37.5799994,ЖЭК-1,Офис
55.7502706,37.5801272,Инженерная служба района Арбат,Офис
55.752111,37.5821803,Нотариус,Офис
55.7466632,37.5767379,Совет ветеранов,Офис
55.7297773,37.6473746,Отделение Пенсионного фонда РФ (Управление № 1),Офис
55.7306493,37.6478021,Отделение Пенсионного фонда РФ (Управление № 2),Офис
55.7303441,37.6475823,Отделение Пенсионного фонда РФ (Управление № 3),Офис
55.7502203,37.5904611,Совет ветеранов района Арбат,Офис
55.7516303,37.592373,Технопромэкспорт,Офис
55.751065,37.5912641,Афанасьева Н.В.,Офис
55.7843337,37.6617732,Нотариус,Офис
55.7154755,37.6110812,Симоновская межрайонная прокуратура,Офис
55.7510308,37.5959143,Билайн,Офис
55.7407959,37.617512,Петровка 38,Офис
55.7218522,37.652097,Topcon Positioning Systems,Офис
55.7513808,37.6792322,Инвент,Офис
55.768844,37.6722486,Ланит,Офис
55.7232483,37.6533733,Главный радиочастотный центр,Офис
55.7315686,37.6983577,X5 Retail Group,Офис
55.74325,37.637747,Государственная классическая академия им. Маймонида,Университет
55.6945741,37.5640736,Softline,Офис
55.7447055,37.5641994,МегаФон,Офис
55.7681749,37.6450564,Советник Права,Офис
55.7484904,37.5842906,Coral Travel,Офис
55.7603421,37.6212011,Высшее театральное училище (институт) имени М. С. Щепкина,Университет
55.7596797,37.6123951,Школа-студия МХАТ,Университет
55.7328116,37.6776434,Библейско-богословский институт святого апостола Андрея,Университет
55.7898106,37.7100689,RuDive,Офис
55.7018601,37.658039,"Аттестационный научно-технический центр ""Эксперт""",Офис
55.7689257,37.6704619,Гудок,Офис
55.7450657,37.7064794,Институт стекла,Офис
55.7343605,37.6645311,Mirantis,Офис
55.7399945,37.6539828,"Бюро переводов ""Алигат""",Офис
55.6918483,37.5726743,BerryBags,Офис
55.7144926,37.6624697,Объединённый военный комиссариат Даниловского района,Офис
55.8115266,37.5778529,Инженерная служба Тимирязевского района,Офис
55.8114095,37.577477,Постоянное представительство Челябинской области при правительстве Российской Федерации,Офис
55.7570757,37.6370694,Карабанов и партнёры,Офис
55.7964887,37.6006114,Samsung R&D Institute,Офис
55.7636942,37.5599414,МТС,Офис
55.762894,37.5646408,T2,Офис
55.740774,37.6246314,Межгосударственный авиационный комитет,Офис
55.7963628,37.5809262,Без названия,Офис
55.7606229,37.6223398,"ФКП ""Росгосцирк""",Офис
55.6915175,37.5749479,Нотариус Щекочихин П. А.,Офис
55.7784129,37.692761,Без названия,Офис
55.7985249,37.5827459,Многофункциональный центр предоставления государственных и муниципальных услуг района Савёловский,Офис
55.7800373,37.5902781,"ООО ""Вайт Смайл""",Офис
55.7942734,37.5754975,Инженерная служба,Офис
55.7273907,37.6471224,"Негосударственный пенсионный фонд ""Промагрофонд""",Офис
55.727362,37.6471734,"Негосударственный пенсионный фонд ""Наследие""",Офис
55.7654583,37.6078103,Билайн,Офис
55.7626043,37.5703789,"Центральный офис продаж ГК ""Пионер""",Офис
55.7616453,37.613188,Condé Nast Россия,Офис
55.7015684,37.5771673,ИНЭУМ им. И. С. Брука,Офис
55.7015921,37.5771394,Центр исследований и разработок МЦСТ,Офис
55.7556468,37.5855626,Институт Сервантеса в Москве,Университет
55.7170127,37.6115529,ФГУП Космическая связь,Офис
55.7347855,37.7098536,Издательство «Перо»,Офис
55.7455909,37.6841571,Без названия,Офис
55.7335238,37.7127648,ООО «Дом каркасный»,Офис
55.6952168,37.5684929,Институт географии РАН,Офис
55.7719266,37.5932975,МТС,Офис
55.7544325,37.5956605,Нотариус Карнаухова А.Э.,Офис
55.7895352,37.7115622,ООО Кема Клаб,Офис
55.7423568,37.5967806,Посольство Кении,Офис
55.780138,37.685547,Многофункциональный центр предоставления государственных и муниципальных услуг Басманного района,Офис
55.7436141,37.6507396,Московский государственный гуманитарный университет им. М. А. Шолохова,Университет
55.7413593,37.6500876,Единая Россия,Офис
55.7402084,37.6497755,Совет ветеранов,Офис
55.7408638,37.6621877,"Администрация ГАУК г. Москвы ""ПКиО ""Таганский""",Офис
55.7389608,37.6524836,Без названия,Офис
55.7359522,37.6533256,Homag,Офис
55.7386591,37.6530874,Без названия,Офис
55.7970699,37.6193318,Вокин Иннокентий Михайлович,Офис
55.7578004,37.633077,Цирк и милосердие,Офис
55.7466939,37.7170679,Московский финансово-юридический университет МФЮА,Университет
55.747014,37.7174864,Московский архитектурно-строительный институт,Университет
55.7480636,37.6551307,Падва и Эпштейн,Офис
55.731773,37.6367298,"АО ""Метрогипротранс""",Офис
55.7472851,37.5884008,Московское агентство недвижимости,Офис
55.7075035,37.7003363,Глория-Холод,Офис
55.7400822,37.6185909,Посольство султаната Оман,Офис
55.7501488,37.6459792,3DPrintus,Офис
55.7679207,37.6057259,МТС,Офис
55.8018765,37.5505275,Юридический центр «ЮрЛекс»,Офис
55.8036816,37.5482932,"НТЦ ""Модуль""",Офис
55.801958,37.5507147,"ЖСК ""Тюльпан-2""",Офис
55.8075503,37.5331373,Инженерная служба района Аэропорт,Офис
55.7995284,37.5500145,Единая Россия,Офис
55.7993796,37.5498446,Совет ветеранов,Офис
55.8195968,37.6439134,Ракурс,Офис
55.765313,37.625907,Театральная жизнь,Офис
55.765518,37.625716,Gala Form,Офис
55.7188155,37.6320249,Федеральная Служба Информации,Офис
55.737623,37.5898761,АЭИ ПРАЙМ,Офис
55.7374962,37.5901711,Р-Спорт,Офис
55.7698707,37.5969736,Интерфакс,Офис
55.7555968,37.5968842,Росбалт,Офис
55.7175939,37.5115742,Институт клинических исследований,Офис
55.7175274,37.5114455,ММС,Офис
55.7859075,37.6356259,Французский визовый центр,Офис
55.765389,37.6332157,Тема,Офис
55.7831211,37.7332937,Власова С.С.,Офис
55.7680355,37.6474366,Главное управление по вопросам миграции МВД России,Офис
55.7681361,37.6459767,Государственная инспекция по контролю за использованием объектов недвижимости г. Москвы,Офис
55.7688341,37.6427628,Без названия,Офис
55.765757,37.632161,Кафедра общественного здоровья и здравоохранения МГМСУ,Университет
55.7984358,37.5544343,Продюсерский Центр RUSMUSIC,Офис
55.7450265,37.6002787,Tescao,Офис
55.7484544,37.5980044,ЮрПартнер,Офис
55.7487056,37.5984038,Бест новострой,Офис
55.7625007,37.6254504,Корсик В. К.,Офис
55.7628515,37.6256915,Центрдорстрой,Офис
55.7696743,37.5847414,Ростехнадзор,Офис
55.7489819,37.6015474,Общественная приёмная министра обороны РФ,Офис
55.7672253,37.6408771,Росфинмониторинг,Офис
55.8140737,37.5765254,Лемикс,Офис
55.7720489,37.5859157,Studio Ventuno,Офис
55.7348137,37.5883421,"негосударственный пенсионный фонд ""Лукойл-Гарант""",Офис
55.7347887,37.5883513,Пенсионный фонд электроэнергетики,Офис
55.7319153,37.5750176,Cordiant,Офис
55.735866,37.5886242,Русская факторинговая компания,Офис
55.7358258,37.5886112,Строй-инвест Атропат,Офис
55.7358348,37.5885812,"Инвестиционная компания ""Спарта-финанс""",Офис
55.7256166,37.5851913,Оргмонтажпроект,Офис
55.7996529,37.5354018,Телефон.ру,Офис
55.7656259,37.6352434,Арсеева Ольга Владимировна,Офис
55.764941,37.622978,Представительство Красноярского края,Офис
55.7643402,37.6574429,Адвокатская контора,Офис
55.7509445,37.591592,ОДС Жилищник района Арбат,Офис
55.724084,37.6325281,Ирис Дизайн,Офис
55.7615408,37.6508718,Союз художников России,Офис
55.71734,37.59639,Росгосстрах,Офис
55.762367,37.610458,Аргументы недели,Офис
55.7678307,37.6658655,Военная коллегия адвокатов,Офис
55.7722147,37.5760042,Альянс,Офис
55.786826,37.5805953,RFG Русская Фильм Группа,Офис
55.7649691,37.7018144,МегаФон - Yota,Офис
55.7862041,37.5798051,Топ.Ри.Инвест,Офис
55.7403235,37.5801796,Театр Михаила Звездинского,Офис
55.7323448,37.5899782,Прокуратура ЦАО,Офис
55.7688781,37.6421393,Согаз,Офис
55.7997382,37.5307598,Pronetworking,Офис
55.7162817,37.6218724,Гемотест,Офис
55.732603,37.589312,Росавтур,Офис
55.7809879,37.6139941,НИИ Ипромашпром,Офис
55.7758118,37.5049612,ИФНС России №34 по г. Москве,Офис
55.7258556,37.6253143,Московский социальный регистр,Офис
55.7942391,37.5867898,МегаФон,Офис
55.7463412,37.5984443,ООО «ДипломТайм»,Офис
55.740532,37.62502,МГТС,Офис
55.7423992,37.5498469,Инком,Офис
55.7586241,37.7350183,Типография Виктория-Друк,Офис
55.7569872,37.6086066,Департамент государственной службы и кадров МВД России,Офис
55.7439025,37.6267033,Отклик,Офис
55.7363824,37.5903672,Coral Travel,Офис
55.7555384,37.7155918,Вычислительный центр МТУСИ,Офис
55.7947405,37.7100674,МосгорБТИ,Офис
55.7289562,37.5806568,Вычислительный центр Министерства обороны России,Офис
55.7372854,37.5908299,"ООО ""Ситибет""",Офис
55.7749107,37.6696706,"ООО ""Тех Принт""",Офис
55.7988369,37.5473484,Без названия,Офис
55.7501037,37.5344992,Департамент городского имущества г. Москвы,Офис
55.7461846,37.4924338,"ООО ""Омега-2""",Офис
55.7829447,37.6348027,Правовая звезда,Офис
55.7874621,37.6322611,Межтрансавто,Офис
55.7062309,37.6570156,T2,Офис
55.728502,37.6692432,Акадо,Офис
55.7549947,37.7090764,"НЦ ""Износостойкость""",Офис
55.8026552,37.6469204,StepDir,Офис
55.7309818,37.6182893,Договорно-правовой департамент МВД России,Офис
55.7307744,37.6184932,Финансово-экономический департамент МВД России,Офис
55.7215731,37.5723748,ГосВыписка,Офис
55.7113125,37.6111882,Водительская медкомиссия,Офис
55.7672884,37.5666002,"ООО ""ФЛЭТ и Ко""",Офис
55.7143794,37.6093183,Совет ветеранов,Офис
55.8041274,37.6355594,Нотариус Крупнова Лейла Геннадиевна,Офис
55.8093235,37.6121153,Многофункциональный центр предоставления государственных и муниципальных услуг районов Останкинский и Марьина Роща,Офис
55.7902523,37.6411706,Межрегиональная инспекция ФНС России по крупнейшим налогоплательщикам №3,Офис
55.7755898,37.5859707,"ООО ""Лоджикс-Телеком""",Офис
55.706251,37.6570515,Без названия,Офис
55.7626649,37.6576399,РЕСО страхование,Офис
55.7665646,37.647232,РЕСО-Гарантия,Офис
55.7764997,37.6319429,РЕСО страхование,Офис
55.811309,37.5782272,Аэросистемы,Офис
55.7636024,37.5895533,Федеральное агентство по управлению государственным имуществом,Офис
55.7590668,37.5871888,Титан,Офис
55.7785121,37.5970048,Институт Конфуция,Офис
55.7815057,37.5986676,МегаФон,Офис
55.7200283,37.6102083,Визовый центр Словении,Офис
55.7200153,37.6103027,Визовый центр Эстонии,Офис
55.7696624,37.6468645,Октава недвижимость,Офис
55.7676809,37.5981607,ТПО Резерв,Офис
55.7313431,37.5919093,РЕСО-Гарантия,Офис
55.7202427,37.615051,АльфаСтрахование,Офис
55.7696276,37.5164148,Торговый дом ОАО «Кизлярский электромеханический завод»,Офис
55.7763441,37.6290185,Бюро регистрации несчастных случаев ГУ МВД по г. Москве,Офис
55.805369,37.6420685,Fitbar.ru,Офис
55.7740981,37.6239329,Приёмная МВД,Офис
55.8117475,37.6363025,ЗАО «Выбор»,Офис
55.7471245,37.5833419,"ФГУП ""Президент-Сервис""",Офис
55.7495424,37.5896749,Московская геммологическая лаборатория,Офис
55.7481897,37.5836057,МТС,Офис
55.7493778,37.5872635,Московский комитет ветеранов войны,Офис
55.7201206,37.6102352,Нотариальная контора на Шаболовке,Офис
55.7322717,37.5898879,Следственное управление по Центральному административному округу г.Москвы,Офис
55.7786194,37.6285074,"Издательский дом ""Красивые Дома""",Офис
55.7206204,37.5999675,Гильдия Управляющих Документацией,Офис
55.7388227,37.581627,Министерство Российской Федерации по развитию Дальнего Востока,Офис
55.7438827,37.5827127,Без названия,Офис
55.7356693,37.591692,Без названия,Офис
55.7339688,37.5884817,Яндекс,Офис
55.796902,37.5377716,VK,Офис
55.7997448,37.5351597,Билайн,Офис
55.7530664,37.7138163,Без названия,Офис
55.8026228,37.5317749,Исаева Зоя Владимировна,Офис
55.7666217,37.5834378,"""НИ и ПИ Генплана Москвы""",Офис
55.7716926,37.5937533,"""НИ и ПИ Генплана Москвы""",Офис
55.8166039,37.6195302,НТВ,Офис
55.7976417,37.5406962,МТС,Офис
55.6839927,37.6215483,МегаФон,Офис
55.6839265,37.6214344,МТС,Офис
55.7402931,37.598203,Консульский отдел посольства Хорватии,Офис
55.7545697,37.5893385,Институт социально-политических исследований РАН,Офис
55.8052106,37.5858332,Московский дом ресторатора,Офис
55.7330869,37.5941141,Акимова А.А.,Офис
55.7324714,37.5937007,"Общественная организация пенсионеров, ветеранов войны, труда, вооруженных сил и правоохранительных органов района Хамовники",Офис
55.7325243,37.5937356,Совет общественной организации инвалидов Великой Отечественной войны района Хамовники,Офис
55.7825185,37.7071995,Адвокатская контора № 19,Офис
55.7975727,37.5797276,Столичный филиал ПАО МегаФон,Офис
55.8084944,37.5307325,МТС,Офис
55.7181415,37.6740799,Без названия,Офис
55.7983458,37.5324694,Головинская межрайонная прокуратура,Офис
55.7679789,37.6255244,Управление внутренних дел на Московском метрополитене,Офис
55.7067586,37.6586238,ФК Групп,Офис
55.7311424,37.5933594,SyrianAir,Офис
55.767157,37.6773062,Наука права,Офис
55.7439119,37.5965132,Посольство Люксембурга,Офис
55.7271321,37.6266891,Творческая экспериментальная студия,Офис
55.8082428,37.5335999,Отдел социальной защиты населения района Аэропорт,Офис
55.8084911,37.5339623,Клиентская служба ПФР,Офис
55.7681035,37.6470061,Управление Федеральной антимонопольной службы по г. Москве,Офис
55.7451225,37.56451,T2,Офис
55.7547996,37.7259618,ИМПЭ им. Грибоедова,Университет
55.7544524,37.7248608,Московский промышленно-экономический колледж,Университет
55.7695026,37.5840052,Мегафон,Офис
55.7395401,37.5840263,Евразийская экономическая комиссия,Офис
55.7459004,37.5995242,Gowling WLG,Офис
55.7534671,37.6059176,Samsung Electronics,Офис
55.7588296,37.638462,Юзетикс,Офис
55.7806172,37.7156219,ООО «Молл лист»,Офис
55.7686025,37.5903493,Hines International In,Офис
55.7921876,37.5492199,ФГУП паспортно-визовый сервис,Офис
55.7967348,37.5389009,Некоммерческая организация международный фонд социально-экономических исследований,Офис
55.7075456,37.6005296,Многофункциональный центр предоставления государственных и муниципальных услуг района Донской,Офис
55.7963505,37.5353251,Секретариат Совета министров обороны государств — участников Содружества Независимых Государств,Офис
55.7995658,37.5281509,Управление федеральной миграционной службы района Аэропорт (УФМС),Офис
55.7997277,37.535208,T2,Офис
55.7386168,37.5889834,Фролова Т.В.,Офис
55.7340326,37.5921839,"ФГБУ ""Интеробразование""",Офис
55.7388267,37.6271083,Колесник И. Е.,Офис
55.8061587,37.6174885,"ООО ""Технотрейд групп""",Офис
55.7384967,37.6254901,Миэль,Офис
55.7371277,37.6245683,Посольство Республики Камерун,Офис
55.8020071,37.5943078,ГК Ромашка Партнер,Офис
55.7329952,37.6611055,Центр инноваций и научно-технического творчества,Офис
55.733356,37.6599519,Энергогарант,Офис
55.7393138,37.6122278,"Кульков, Колотилов и партнеры",Офис
55.7348345,37.588172,Открытие Финансовые решения,Офис
55.8240166,37.6281349,Без названия,Офис
55.7579568,37.7156566,Ресо,Офис
55.7597908,37.7138153,Мортон. Отдел оформления,Офис
55.684457,37.6241305,МТС,Офис
55.740222,37.6198606,Постоянное представительство Алтайского края в городе Москве,Офис
55.7565249,37.6066294,Представительство правительства Мурманской области в Москве,Офис
55.7897769,37.5828061,Адвокат Бурмистров Станислав Александрович,Офис
55.785581,37.6215733,Департамент социальной защиты населения г. Москвы,Офис
55.7572144,37.6079441,"Центральное управление федеральной службы по экологическому, технологическому и атомному надзору",Офис
55.7799861,37.6335051,Билайн,Офис
55.7915065,37.7055048,MS Motorservice International GmbH,Офис
55.7327443,37.5356717,РЕСО,Офис
55.7855568,37.7083778,МНПП Сатурн,Офис
55.78051,37.637529,Институт бизнеса и дизайна,Университет
55.7742287,37.6386882,Отдел службы судебных приставов по Центральному административному округу,Офис
55.7948856,37.7125747,Позитив Текнолоджиз,Офис
55.7451475,37.7063861,Росинтер Ресторантс,Офис
55.7452616,37.7063204,Ростик Групп,Офис
55.7755848,37.6410909,Городисский и Партнеры,Офис
55.6965116,37.5622988,Нотариус Бабак Светлана Геннадьевна,Офис
55.7279659,37.6072093,Мосмонтаж,Офис
55.7476185,37.6253138,ГУ Банка России по Центральному федеральному округу,Офис
55.7173022,37.6777646,iCore,Офис
55.8071591,37.6376352,МегаФон,Офис
55.7218526,37.6998549,Объединенная Энергетическая Компания,Офис
55.7317009,37.6639474,Билайн,Офис
55.7319627,37.6642099,МегаФон,Офис
55.7317909,37.6642841,МТС,Офис
55.7440183,37.6506218,Межрегиональное операционное управление Федерального казначейства,Офис
55.7455878,37.6585341,Без названия,Офис
55.7961407,37.6170549,МегаФон,Офис
55.758955,37.5943635,Посольство ЮАР,Офис
55.7437545,37.7098404,Открытые Медиа,Офис
55.7934597,37.5904515,Межрегиональный информационный центр,Офис
55.7711874,37.5935685,Башнефть,Офис
55.7742656,37.608717,Билайн,Офис
55.7528551,37.6361525,"Акционерное общество ""Федеральная корпорация по развитию малого и среднего предпринимательства""",Офис
55.7528106,37.6361252,Социальный фонд России,Офис
55.7467234,37.6574962,М.Н. Панаэтова,Офис
55.7412473,37.6194508,Представительство Правительства Рязанской Области,Офис
55.7190199,37.6312325,Известия,Офис
55.752982,37.6448822,ГосТехНадзор №8,Офис
55.7448795,37.4940826,Без названия,Офис
55.777526,37.5031599,Московский налоговый институт,Университет
55.777663,37.5030081,RU-Center,Офис
55.7650988,37.5762824,"Центр юного анималиста ""Art Zebra""",Офис
55.7536184,37.6630332,Викитревел,Офис
55.7537495,37.6617913,"Визовый центр: Великобритания, Бельгия, Швейцария",Офис
55.7699508,37.6419429,Согаз,Офис
55.7528998,37.6644383,М Такси,Офис
55.7697996,37.659801,Художественная литература,Офис
55.7566759,37.7250068,"ООО ""Компонент-Реактив""",Офис
55.8172565,37.6398863,Телеканал «Звезда»,Офис
55.7648778,37.6162947,Без названия,Офис
55.7809762,37.6139151,Территория бизнеса,Офис
55.7810072,37.6138121,Опора России,Офис
55.7396084,37.5829028,Посольство Йеменской Республики,Офис
55.8120966,37.6499606,Мастерская рекламы,Офис
55.7535871,37.6296757,Федеральное агентство по управлению государственным имуществом,Офис
55.7061561,37.6535841,Управление жилищно-коммунального хозяйства и благоустройства ЮАО г. Москвы,Офис
55.7801869,37.6398223,Без названия,Офис
55.7035242,37.6965862,ООО «Домашние Деньги»,Офис
55.7397773,37.6052606,EcoFinance,Офис
55.730923,37.6153983,Федеральная служба исполнения наказаний Российской Федерации,Офис
55.8185382,37.6158771,Регистрация на экскурсию на Останкинскую башню,Офис
55.7493927,37.6647377,Забория,Офис
55.7772423,37.639202,Международный комитет Красного Креста,Офис
55.7486393,37.7001021,Правовой альянс,Офис
55.7555711,37.6235572,Департамент ЖКХ и благоустройства г. Москвы,Офис
55.7258858,37.6111671,Социальный фонд России,Офис
55.7862559,37.660815,ITE Moscow,Офис
55.7425973,37.623842,Управление по вопросам миграции ГУ МВД России по городу Москве,Офис
55.727562,37.6156358,посольство Зимбабве,Офис
55.7699704,37.5982812,Посольство Перу,Офис
55.7404426,37.5822824,Посольство Непала,Офис
55.7627116,37.6484057,Агропромкредит,Офис
55.7820528,37.7040932,Билайн,Офис
55.7749705,37.6384719,Совет ветеранов первичной организации №3 и №4 Красносельского района,Офис
55.7471176,37.659683,Миэль,Офис
55.7160512,37.6219287,LEGIUS,Офис
55.7834768,37.6327285,Согласие,Офис
55.7211224,37.5150291,Посольство Никарагуа,Офис
55.7618382,37.6450525,Корейский культурный центр,Офис
55.8018361,37.5321414,МТС,Офис
55.7611963,37.6474468,Департамент города Москвы по конкурентной политике,Офис
55.7798596,37.667474,Билайн,Офис
55.7014017,37.6245378,Московская академия экономики и права,Университет
55.7578086,37.6332449,Профсоюз Трудящихся-мигрантов,Офис
55.7792865,37.7128969,Без названия,Офис
55.8141769,37.626403,Пенсионный фонд,Офис
55.8048686,37.5899102,"ООО ""Купонейшен""",Офис
55.7281733,37.5798879,Билайн,Офис
55.7234418,37.610324,МегаФон,Офис
55.7235283,37.6103794,МТС,Офис
55.7221785,37.630399,ОТЕКО,Офис
55.7225107,37.6320072,промышленно-финансовая корпорация Алмак,Офис
55.7992002,37.7181721,Многофункциональный центр предоставления государственных и муниципальных услуг района Преображенское,Офис
55.7626653,37.6821708,Российский новый университет,Университет
55.7664009,37.646762,Центр поддержки молодежных творческих инициатив,Офис
55.7299243,37.6393621,Билайн,Офис
55.748191,37.6598668,Федеральное агентство связи,Офис
55.7638599,37.5409301,ЦПО ГУВД МО,Офис
55.7221538,37.6303303,ТаманьНефтеГаз,Офис
55.7341096,37.5483491,Деликатесы Стерео,Офис
55.7234835,37.5653173,T2,Офис
55.7234561,37.5653538,Билайн,Офис
55.7235109,37.5652809,МТС,Офис
55.7235383,37.5652444,МегаФон,Офис
55.7247107,37.5774903,Без названия,Офис
55.779863,37.51551,Ресо страхование,Офис
55.7230539,37.6227584,"Всероссийский научно-исследовательский институт молочной промышленности""",Офис
55.8060652,37.6175427,"ООО ""Нерудпласт""",Офис
55.6885885,37.6007069,Пенсионный фонд района Академический,Офис
55.8093238,37.6286244,HeadHunter,Офис
55.7522317,37.5943766,МегаФон,Офис
55.7185191,37.5716314,Ингосстрах,Офис
55.7747529,37.6824242,Без названия,Офис
55.7837836,37.718985,Университет Синергия,Университет
55.7321769,37.6618224,Московская служба спасения. Учебно-методический центр,Офис
55.8058326,37.5258374,Управа района Аэропорт,Офис
55.7530816,37.5911915,"Агентство стратегического развития ""ЦЕНТР""",Офис
55.7471791,37.5396663,Другой водитель,Офис
55.691818,37.5646763,Postgres Professional,Офис
55.7074647,37.5903016,T2,Офис
55.7506317,37.5838892,Bain & Company,Офис
55.7604096,37.6303869,"ФАУ ""Главгосэкспертиза России""",Офис
55.7406113,37.5004085,Совет ветеранов первичной организации #5 района Фил.парк,Офис
55.7434057,37.5007766,"Центр продаж и обслуживания МГТС ""Багратионовский""",Офис
55.7677091,37.6319731,Главное контрольное управление Московской области,Офис
55.7709733,37.6005611,Министерство ЖКХ Московской области,Офис
55.7710001,37.6007269,Министерство сельского хозяйства Московской области,Офис
55.7708044,37.6008922,Уполномоченный по правам человека Московской области,Офис
55.7707077,37.6008135,Уполномоченный по правам ребёнка Московской области,Офис
55.771695,37.6185211,Инженерная служба Тверского района,Офис
55.7708879,37.6008395,Главное управление ветеринарии Московской области,Офис
55.7307333,37.6448412,Без названия,Офис
55.748156,37.536606,Многофункциональный центр предоставления государственных и муниципальных услуг района Пресненский,Офис
55.7836882,37.7190208,Билайн,Офис
55.7836314,37.7190384,МТС,Офис
55.7723301,37.6194001,ГУП Московской области Мострансавто,Офис
55.7361462,37.5838244,МПГУ Физический Факультет Лабораторный корпус,Университет
55.80429,37.5833715,Wheely,Офис
55.7254971,37.6514696,АгроНИИПроект,Офис
55.7711662,37.6047376,Департамент труда и соц.защиты филиал Тверской,Офис
55.7532124,37.5820163,Винт,Офис
55.741648,37.6145203,Генеральное консульство Италии,Офис
55.7343003,37.6191575,МегаФон,Офис
55.822721,37.5896627,МТС,Офис
55.8206169,37.6575239,Титанмед,Офис
55.7580913,37.6784009,KupiVip,Офис
55.7861563,37.6602454,Многофункциональный центр предоставления государственных и муниципальных услуг района Красносельский,Офис
55.7810615,37.5996607,Новопашина У. С.,Офис
55.7061028,37.5938103,Билайн,Офис
55.7072964,37.6697738,Ингосстрах,Офис
55.7190113,37.6138879,Юрэнерго,Офис
55.7311707,37.573902,ГК Пионер,Офис
55.7780283,37.6285631,Лаборатория Экспертных Исследований,Офис
55.7381461,37.5949985,Гриненко Светлана Владимировна,Офис
55.7970384,37.7157258,Смирнов Максим Борисович,Офис
55.793499,37.6937493,Союз юристов,Офис
55.7739355,37.5845363,Отдел трудоустройства Пресненский,Офис
55.773928,37.5839404,Headway Communications,Офис
55.7740129,37.5840892,Волонтеры в помощь детям-сиротам,Офис
55.7955092,37.7085668,МГСН,Офис
55.7955469,37.7085067,Кузнецова Наталия Эдуардовна,Офис
55.7289362,37.6435278,Открытие Брокер,Офис
55.7612075,37.6588019,"ИФНС России № 1, 5, 7, 13",Офис
55.7873719,37.6343081,ООО «Витаслим24»,Офис
55.7563881,37.69377,РусХим,Офис
55.7669168,37.5907614,ФГУП ГНЦ «НИОПИК»,Офис
55.7682456,37.627633,"Schwarzkopf & Henkel, ZAO",Офис
55.6899217,37.5805484,Ингосстрах,Офис
55.6897558,37.5791804,"Бюро переводов, адвокаты",Офис
55.6899541,37.5793106,Ваш эксперт,Офис
55.6886083,37.5752871,Билайн,Офис
55.7602601,37.6625719,Gloria Jeans,Офис
55.7418269,37.6525035,Общество защиты прав потребителей,Офис
55.7454519,37.5646163,МТС,Офис
55.7025576,37.581188,СДЭК,Офис
55.7983103,37.6043567,Independent Media,Офис
55.7815504,37.6010375,"ФГУП ""Росморпорт""",Офис
55.7817204,37.6015391,Молодая гвардия,Офис
55.7568592,37.6322471,Китайский визовый центр,Офис
55.7743106,37.6129329,Департамент транспорта и развития дорожно-транспортной инфраструктуры города Москвы,Офис
55.7299311,37.5613483,"Газета ""Церковный Вестник""",Офис
55.7641457,37.5510349,Росгеология,Офис
55.7614847,37.5806529,Министерство природных ресурсов и экологии Российской Федерации,Офис
55.7781635,37.7326718,СинтезХим,Офис
55.747927,37.6623811,ГирМет,Офис
55.7287268,37.6176847,WebMoney,Офис
55.7601826,37.6620844,Национальная служба списания долгов,Офис
55.7825499,37.6629071,Медстрах,Офис
55.8116097,37.6502008,"ЗАО ""Сарден""",Офис
55.7329868,37.7010113,РСВО,Офис
55.7437442,37.5942242,посольство Марокко,Офис
55.7436241,37.5948854,Посольство Австрии,Офис
55.7455496,37.6013741,Российский фонд культуры,Офис
55.7845778,37.6419969,Инспекция Федеральной налоговой службы № 2 по г.Москве,Офис
55.7844526,37.64208,Инспекция Федеральной налоговой службы № 8 по г. Москве,Офис
55.7543042,37.641779,"Saveliev, Batanov & Partners",Офис
55.7300602,37.6443812,МТС,Офис
55.7637748,37.5540885,Всероссийский государственный центр качества и стандартизации лекарственных средств для животных и кормов,Офис
55.7670908,37.6202149,"Издательство ""Высшая школа""",Офис
55.7825286,37.5992845,Без названия,Офис
55.7994823,37.5277234,Многофункциональный центр предоставления государственных и муниципальных услуг района Аэропорт,Офис
55.7896776,37.5828621,Многофункциональный центр предоставления государственных и муниципальных услуг района Беговой,Офис
55.7450688,37.5660969,Многофункциональный центр предоставления государственных и муниципальных услуг района Дорогомилово,Офис
55.784502,37.6369581,Многофункциональный центр предоставления государственных и муниципальных услуг района Мещанский,Офис
55.7677681,37.6048065,Многофункциональный центр предоставления государственных и муниципальных услуг района Тверской,Офис
55.7868719,37.511985,Многофункциональный центр предоставления государственных и муниципальных услуг района Хорошёвский,Офис
55.7334081,37.6097513,Многофункциональный центр предоставления государственных и муниципальных услуг района Якиманка,Офис
55.7592492,37.5565376,Управа района Пресненский,Офис
55.7592912,37.556974,Муниципалитет муниципального округа Пресненское,Офис
55.7433067,37.59703,Управа района Хамовники,Офис
55.7433643,37.5971676,Администрация муниципального округа Хамовники,Офис
55.7432527,37.5970236,Муниципалитет муниципального округа Хамовники,Офис
55.7525844,37.7027213,Управа района Лефортово,Офис
55.7252077,37.6234919,Управа района Якиманка,Офис
55.7251984,37.6237591,Муниципалитет муниципального округа Якиманка,Офис
55.7484459,37.5002045,Управа района Филевский Парк,Офис
55.7791572,37.5197694,Управа Хорошевского района,Офис
55.7860211,37.522752,Администрация муниципального округа Хорошевский,Офис
55.8021536,37.636754,Управа Алексеевского района,Офис
55.8240519,37.6203334,Управа Останкинского района,Офис
55.7828722,37.7253135,Управа района Соколиная Гора,Офис
55.7839338,37.710295,Муниципалитет муниципального округа Соколиная Гора,Офис
55.7747252,37.6319741,Управа Мещанского района,Офис
55.7746805,37.6319794,Администрация муниципального округа Мещанский,Офис
55.7487427,37.5875621,Управа района Арбат,Офис
55.7488275,37.587478,Администрация муниципального округа Арбат,Офис
55.7029643,37.6796906,Управа Южнопортового района,Офис
55.7940746,37.5685856,Управа Савеловского района,Офис
55.7924719,37.5699179,Совет депутатов муниципального округа Савеловский,Офис
55.7847674,37.5715843,Управа района Беговой,Офис
55.7876474,37.5728128,Администрация муниципального округа Беговой,Офис
55.7884806,37.6829601,Муниципалитет муниципального округа Сокольники,Офис
55.7368042,37.6600908,Управа Таганского района,Офис
55.7753016,37.5938794,Управа Тверского района,Офис
55.7752754,37.5938069,Администрация муниципального округа Тверской,Офис
55.8115661,37.5613254,Управа Тимирязевского района,Офис
55.81152,37.56102,Администрация муниципального округа Тимирязевский,Офис
55.6942471,37.5524182,Администрация муниципального округа Гагаринский,Офис
55.7354414,37.6356526,Управа района Замоскворечье,Офис
55.7354299,37.6357677,Администрация муниципального округа Замоскворечье,Офис
55.7705671,37.6685701,Управа Басманного района,Офис
55.7704925,37.6686773,Муниципалитет муниципального округа Басманный,Офис
55.7104736,37.6238542,Управа Даниловского района,Офис
55.6975841,37.6196312,Управа Донского района,Офис
55.6930131,37.6130358,Муниципалитет муниципального округа Донской,Офис
55.7753338,37.59376,Департамент финансов города Москвы,Офис
55.7345215,37.6387865,Жилищник района Замоскворечье,Офис
55.8045312,37.5902146,МР Групп,Офис
55.7799307,37.6695099,Инженерная служба Красносельского района,Офис
55.7782747,37.6378104,Инженерная служба Мещанского района,Офис
55.7625442,37.5692333,Инженерная служба Пресненского района,Офис
55.7323863,37.662645,Инженерная служба Таганского района,Офис
55.7244093,37.5743062,Инженерная служба района Хамовники,Офис
55.7615611,37.6139274,Инженерная служба Тверского района,Офис
55.7281389,37.6139597,Жилищник района Якиманка,Офис
55.8078056,37.5335149,Инженерная служба района Аэропорт ОДС № 1,Офис
55.7867995,37.572693,Инженерная служба района Беговой,Офис
55.7968486,37.5625567,Инженерная служба района Савеловский,Офис
55.8105409,37.5709762,Инженерная служба района Тимирязевский,Офис
55.7783053,37.526545,Инженерная служба Хорошевского района,Офис
55.8085391,37.6424656,Инженерная служба района Алексеевский,Офис
55.8173989,37.5954007,Инженерная служба Бутырского района,Офис
55.7958828,37.6153643,Инженерная служба района Марьина Роща,Офис
55.8209533,37.6237508,Инженерная служба района Останкинский,Офис
55.7884213,37.6829747,Инженерная служба района Сокольники,Офис
55.7588168,37.5903992,Посольство Лаоса,Офис
55.7532664,37.6028743,Россотрудничество,Офис
55.744626,37.6435823,Российский союз промышленников и предпринимателей,Офис
55.6879722,37.5840568,"""Жилищник"" Академического района. Инженерная служба",Офис
55.756862,37.6173919,FS-Property,Офис
55.8061175,37.6119247,Управление социальной защиты населения района Марьина Роща,Офис
55.7628381,37.6261814,Александр Липатников,Офис
55.7118696,37.6189465,Управление организации дознания ГУ МВД РФ по г. Москве,Офис
55.7805127,37.6382761,Росно,Офис
55.7155356,37.7108887,CarPrice,Офис
55.761556,37.6332889,Шухов Лаб,Офис
55.765431,37.591048,Альфа-Капитал,Офис
55.7519339,37.6773012,НИИ проблем хранения Росрезерва,Офис
55.720507,37.5192296,"ООО ""Кинопортал""",Офис
55.7169438,37.5770098,Школа Виктория-2000,Школа
55.7427121,37.6291187,Департамент культурного наследия г. Москвы,Офис
55.7443069,37.5592393,Мосгосстройнадзор,Офис
55.7589327,37.6059424,Российский дом международного научно-технического сотрудничества,Офис
55.758869,37.6060724,Министерство образования и науки Российской Федерации,Офис
55.7478298,37.5942907,"Школа № 1331 ""Молодая Иверия""",Школа
55.7720831,37.6632359,Без названия,Офис
55.7644313,37.6146442,Департамент культуры г. Москвы,Офис
55.7650004,37.6148753,Тверская межрайонная прокуратура,Офис
55.7217786,37.6249713,"Объединённая энергетическая компания, Департамент систем противопожарной защиты и инженерных систем",Офис
55.7194597,37.6246575,Третейский суд. Архив,Офис
55.7614352,37.612824,"Институт менеджмента, экономики и инноваций",Университет
55.7664917,37.5933453,Lucullus,Офис
55.7850901,37.6595069,АйТи Культура,Офис
55.7100504,37.5987104,Без названия,Офис
55.7600255,37.5546425,ИФНС России №3 по г. Москве,Офис
55.7702664,37.6868456,АйТи Культура,Офис
55.7050186,37.6210627,"АО ""МирТелеКом имени Э. К. Первышина""",Офис
55.7624552,37.6107536,"Департамент по делам гражданской обороны, чрезвычайным ситуациям и пожарной безопасности города Москвы",Офис
55.7621457,37.6366242,Atlant Clinical CRO,Офис
55.7205295,37.6185935,"Главное управление Пенсионного фонда РФ № 10 по Москве и Московской области. Управление по приёму населения. Клиентская служба ""Замоскворечье""",Офис
55.762919,37.6068212,Московское городское БТИ,Офис
55.7208037,37.620362,Научно-исследовательский институт социальных систем,Офис
55.7423936,37.5858087,Филиал ФСС №25,Офис
55.7680315,37.5976932,Жилищник района Тверской,Офис
55.7811542,37.6375776,Sanamus,Офис
55.7738448,37.5925608,Леконс,Офис
55.742534,37.6379988,"ФГБУ ""Автотранспортный комбинат""",Офис
55.7302962,37.647532,ДойчеКлимат.РУ,Офис
55.7575758,37.633076,Департамент торговли и услуг города Москвы,Офис
55.7215693,37.622847,Без названия,Офис
55.7215329,37.6228574,Без названия,Офис
55.7329584,37.5356914,Без названия,Офис
55.7693654,37.655692,Департамент труда и социальной защиты населения города Москвы,Офис
55.7482496,37.5401354,ООО «МК развитие»,Офис
55.7230051,37.6099194,Курьер Сервис Экспресс,Офис
55.6847886,37.624125,РусАсфальт,Офис
55.821065,37.6015741,"Студия ""Союзмультфильм""",Офис
55.7915612,37.5811909,Пари,Офис
55.7253324,37.5256742,Утро,Школа
55.7385372,37.5914133,Резиденция посла Австралии,Офис
55.7716521,37.5990657,Адвокат Анна Дука,Офис
55.7699676,37.5980314,Московская областная коллегия адвокатов. Филиал #1,Офис
55.7706626,37.5996044,Без названия,Офис
55.7217219,37.6930126,ООО «НИКАСТРОЙ»,Офис
55.7522209,37.6335075,Министерство промышленности и торговли Российской Федерации,Офис
55.7313891,37.5338047,ДЭЗ,Офис
55.7338316,37.5390523,Мосводосток,Офис
55.7329273,37.535884,Без названия,Офис
55.7756606,37.6067633,Бурейникова Л.Л.,Офис
55.7721288,37.6092485,"Международное общество ""Мемориал""",Офис
55.7711578,37.614474,"Общество ""Мемориал""",Офис
55.76827,37.6008341,Без названия,Офис
55.767812,37.6012659,МегаФон,Офис
55.7675381,37.6025959,Itec,Офис
55.7696397,37.6853479,Центр судебно-медицинской экспертизы,Офис
55.7719898,37.6056138,МТС,Офис
55.7388675,37.5811851,Сибирский центр фармакологии и биотехнологии,Офис
55.7211876,37.6105124,Сбербанк Страхование,Офис
55.782943,37.7026856,РЕСО-гарантия,Офис
55.8074752,37.5399637,МГТС,Офис
55.7452187,37.6840173,"Государственное бюджетное учреждение города Москвы ""Центральный государственный архив города Москвы""",Офис
55.7453832,37.6825691,"Государственное бюджетное учреждение города Москвы ""Центральный государственный архив трудовых отношений города Москвы""",Офис
55.7689949,37.6102106,Совет муниципальных образований города Москвы,Офис
55.769108,37.610112,Общественная палата города Москвы,Офис
55.7691503,37.6095807,Уполномоченный по правам человека в городе Москве,Офис
55.7692318,37.6096183,Приёмная Думы,Офис
55.7685063,37.611891,Аппарат Московской городской Думы,Офис
55.7076079,37.6139608,Службы Единого Окна - УФК по г. Москве,Офис
55.7651886,37.6611746,Правда.Ру,Офис
55.7411162,37.6336951,Национальная система платежных карт,Офис
55.7805225,37.588497,Нотариус,Офис
55.7367894,37.5245749,"АО ""Союзтехноком""",Офис
55.7794905,37.577269,Мосволонтёр,Офис
55.7377184,37.6899377,Совет ветеранов блокадного Ленинграда,Офис
55.8015246,37.7016433,Коррекционная школа-интернат VIII вида №29,Школа
55.7652914,37.6127921,Российское военно-историческое общество,Офис
55.7737769,37.6822458,Bayplus.ru,Офис
55.820613,37.6419758,МТС,Офис
55.8208337,37.6421541,МегаФон,Офис
55.820792,37.6421728,Билайн,Офис
55.7961575,37.617025,МТС,Офис
55.7601854,37.6437051,"ОДС № 4 ГБУ ""Жилищник Басманного района""",Офис
55.7950817,37.5651238,Комеди Клаб продакшн,Офис
55.7555205,37.6760049,Без названия,Офис
55.7383885,37.6307273,Посольство Республики Мали,Офис
55.7379384,37.5058787,РУСАЛ,Офис
55.7668719,37.6258514,School Gosh,Офис
55.7829906,37.572945,Гринпис России,Офис
55.7370457,37.6284374,Иванова М.Н.,Офис
55.7375099,37.6291662,Визовый центр стран Азии,Офис
55.7638198,37.5262475,ПрофТехСнаб,Офис
55.7499552,37.584,Уолт Дисней Компани СНГ,Офис
55.7358244,37.6309714,Департамент развития новых территорий города Москвы,Офис
55.7350678,37.6296034,Дирекция по обеспечению деятельности государственных учреждений Департамента образования города Москвы,Офис
55.7368802,37.5705967,Главное Управление ПФР России 10,Офис
55.8034761,37.5314706,Интертраст,Офис
55.8034637,37.531504,"ЖКХ ""Советсткое искусство""",Офис
55.8040488,37.5319947,Интертраст,Офис
55.8039777,37.532933,Миэль,Офис
55.8044294,37.5315465,Сюртель,Офис
55.8054401,37.531175,Тарасова И.В.,Офис
55.8054526,37.5311335,Без названия,Офис
55.7498173,37.7114308,Федеральная налоговая служба,Офис
55.8066328,37.5346359,Академия Н.С. Михалкова,Офис
55.8067354,37.5351577,Без названия,Офис
55.7673255,37.5553518,Многофункциональный центр предоставления государственных и муниципальных услуг района Пресненский,Офис
55.7357459,37.6245609,Национальный институт корпоративной реформы,Офис
55.7876769,37.7297327,Институт экономики и культуры,Университет
55.7393167,37.6261433,Московский инновационный университет,Университет
55.7489838,37.5918986,Столичная академия малого бизнеса,Университет
55.73696,37.688743,Открытый институт - Высшая профессиональная школа,Университет
55.7717148,37.5772618,Интуит,Университет
55.7331347,37.7141835,Славяно-греко-латинская академия,Университет
55.721783,37.6284355,Бизнес-школа CESTE Международной академии оценки и консалтинга,Университет
55.7790207,37.5947947,Высший колледж рационального природопользования,Университет
55.736034,37.663795,Московская международная высшая школа бизнеса МИРБИС,Университет
55.776605,37.6998169,Международный институт экономики и права,Университет
55.7360212,37.7182809,Сущий,Офис
55.8092154,37.5327523,Совет ветеранов района Аэропорт,Офис
55.8030119,37.532707,Деловая Русь,Офис
55.8052147,37.528516,Школа баристы и барменов,Школа
55.8053829,37.5375841,УФМС,Офис
55.7696741,37.6265062,Bette GmbH & Co.KG (представительство),Офис
55.8095508,37.5358457,ООО «Гермсат» Speedcast,Офис
55.8003753,37.5481846,МЧС,Офис
55.8001169,37.5476435,«Жилищник района Аэропорт» ОДС № 5,Офис
55.799767,37.5470548,GoldenTab,Офис
55.7765453,37.5370651,"Редакция газеты ""Красная звезда""",Офис
55.733913,37.5528076,Фабрика Браслетов,Офис
55.7573563,37.5723477,"Школа ""Виктория""",Школа
55.7232298,37.6002213,Свято-Димитриевская школа,Школа
55.8033081,37.5824363,"ИВК - Информационная Внедренческая Компания""",Офис
55.7317915,37.6255144,МАКС,Офис
55.7114545,37.589718,Институт биохимии им. А. Н. Баха,Офис
55.7375966,37.6016504,ЮниКредит Лизинг,Офис
55.780089,37.7106937,ИННО Имплант РУ,Офис
55.7274122,37.6156908,Посольство Бахрейна,Офис
55.6914368,37.6234328,Без названия,Офис
55.774667,37.5493542,Федеральная налоговая служба,Офис
55.7358231,37.617458,Московская городская телефонная сеть,Офис
55.7329387,37.6152839,Без названия,Офис
55.7612613,37.5972041,Каскадёр,Офис
55.8059313,37.5254702,Избирательная комиссия муниципального округа Аэропорт,Офис
55.8058995,37.5255791,Комиссия по делам несовершеннолетних,Офис
55.7367369,37.6841665,Колледж сферы услуг №3,Университет
55.7231243,37.6000186,Свято-Дмитриевское училище сестер милосердия,Университет
55.7532478,37.5765193,Управление по обеспечению деятельности мировых судей города Москвы,Офис
55.7521007,37.5844235,Управление записи актов гражданского состояния города Москвы,Офис
55.7534113,37.5763595,Главное контрольное управление города Москвы,Офис
55.7779801,37.632167,Государственная жилищная инспекция города Москвы,Офис
55.7672815,37.584342,"Государственная инспекция города Москвы по качеству сельскохозяйственной продукции, сырья и продовольствия",Офис
55.7595168,37.630313,Государственная инспекция по контролю за использованием объектов недвижимости города Москвы,Офис
55.760609,37.6072347,Департамент внешнеэкономических и международных связей города Москвы,Офис
55.7338916,37.6356388,Департамент городского имущества г. Москвы,Офис
55.7572274,37.6101412,Департамент градостроительной политики города Москвы,Офис
55.7735123,37.6071697,Департамент здравоохранения города Москвы,Офис
55.7615726,37.6204329,Департамент культуры города Москвы,Офис
55.760515,37.6070699,"Департамент науки, промышленной политики и предпринимательства города Москвы",Офис
55.7532631,37.5761597,Департамент национальной политики и межрегиональных связей города Москвы,Офис
55.7744217,37.6397019,Департамент образования и науки города Москвы,Офис
55.7521791,37.5960977,Департамент природопользования и охраны окружающей среды города Москвы,Офис
55.7528861,37.607192,Департамент развития новых территорий города Москвы,Офис
55.7531992,37.5762287,Департамент региональной безопасности и противодействия коррупции города Москвы,Офис
55.7535334,37.5762394,Департамент средств массовой информации и рекламы города Москвы,Офис
55.7622613,37.6146517,Департамент строительства города Москвы,Офис
55.7608424,37.6074262,Департамент территориальных органов исполнительной власти города Москвы,Офис
55.7655434,37.6031301,Департамент торговли и услуг города Москвы,Офис
55.7182,37.6055,Московское объединение ветеринарии,Офис
55.7529677,37.6073005,Комитет города Москвы по обеспечению реализации инвестиционных проектов в строительстве и контролю в области долевого строительства,Офис
55.7609467,37.6075741,Комитет государственных услуг города Москвы,Офис
55.7533398,37.5764322,Комитет общественных связей города Москвы,Офис
55.7792131,37.6450382,Московская административная дорожная инспекция,Офис
55.7536518,37.576094,Объединение административно-технических инспекций города Москвы,Офис
55.7612888,37.6091726,Управление делами Мэра и Правительства Москвы,Офис
55.7169563,37.6238209,"ООО ""НСС""",Офис
55.7463409,37.6826072,Многофункциональный центр предоставления государственных и муниципальных услуг района Таганский,Офис
55.7382551,37.5982685,Военкомат района Замоскворечье,Офис
55.7562711,37.5489397,Объединённый военный комиссариат Тверского района,Офис
55.7793789,37.5852021,Объединённый военный комиссариат Савёловского района,Офис
55.6935419,37.5639124,Объединённый военный комиссариат Черёмушкинского района,Офис
55.6934119,37.563671,Объединённый военный комиссариат Гагаринского района,Офис
55.7682571,37.6054287,РусГидро,Офис
55.8075631,37.5330529,Жилищник района Аэропорт,Офис
55.8034934,37.5409607,Дополнительное образование школы № 601,Школа
55.8072682,37.5379793,Отдел жилищных субсидий «Аэропорт» для юр. лиц,Офис
55.8074603,37.5382105,Центр физической культуры и спорта северного административного округа,Офис
55.7421884,37.6517003,Московский институт открытого образования,Университет
55.7364364,37.6508448,Совет ветеранов микрорайона 1,Офис
55.7372399,37.6523044,"ЗАО ""НФК""",Офис
55.7347638,37.6521204,Без названия,Офис
55.7570047,37.6359294,Жилищник-1,Офис
55.7151168,37.6737419,Всероссийский студенческий союз,Офис
55.7151878,37.6739967,Конструкторское бюро по архитектурно-строительным системам и новым технологиям им. А.А. Якушева,Офис
55.7893238,37.5833253,"ООО ""Московия Центр Кадастрового Учёта""",Офис
55.7731289,37.677784,Inventive Retail Group,Офис
55.7558039,37.6025057,УВО по ЦАО ФГКУ «УВО ВНГ России по г. Москве» финансово-экономический отдел,Офис
55.7555101,37.6027644,Управление по ЦАО ГУ МЧС,Офис
55.7554509,37.6027561,21 пожарно-спасательный отряд ФПС,Офис
55.7581034,37.6374137,Консульский отдел Посольства Беларуси,Офис
55.7587431,37.6367599,Деловой и культурный комплекс Посольства Беларуси,Офис
55.7263888,37.6069393,"ФГБУ ""Главэкспертцентр""",Офис
55.7537977,37.5766327,"Группа Компаний ""Московия""",Офис
55.7671564,37.6082973,Чернигов И.О.,Офис
55.7825642,37.722936,МегаФон,Офис
55.7085019,37.6655002,Стройсервис,Офис
55.7382823,37.6263733,Самокат,Офис
55.7964268,37.6329959,Московская Дирекция пассажирских обустройств,Офис
55.7695524,37.6171325,ОДС-6,Офис
55.6985512,37.6248251,Рамблер,Офис
55.7615927,37.605418,Air Astana,Офис
55.7429665,37.6621293,"ООО ""Академия частной жизни""",Офис
55.7540924,37.6428442,Бюро Кабельных Технологий,Офис
55.7297404,37.7320665,T2,Офис
55.7779852,37.5557923,Современный Сервис,Офис
55.8062582,37.6219068,Cakeland,Офис
55.7222915,37.6928231,Московский городской открытый колледж,Университет
55.7475827,37.6518717,Русал,Офис
55.8130243,37.6387384,Магазин софта,Офис
55.7091338,37.6209148,Без названия,Офис
55.7165325,37.610863,Байлар,Офис
55.7076833,37.69664,Allbearing.ru,Офис
55.7408229,37.6334788,Объединенная судостроительная корпорация,Офис
55.7428733,37.5986156,Москоувайн,Офис
55.7623435,37.5911593,Институт Африки РАН,Офис
55.7089941,37.6584253,Без названия,Офис
55.7686933,37.6639095,"Федеральная служба по экологическому, технологическому и атомному надзору",Офис
55.7643109,37.6718453,Российский Союз Боевых Искусств,Офис
55.8058237,37.5407999,Московская Академия предпринимательства при Правительстве Москвы,Университет
55.8018464,37.5504416,Дар Арктики,Офис
55.8018373,37.5505226,МБР-Авиа,Офис
55.8021745,37.5512944,ООО «Командир»,Офис
55.7593817,37.6323637,Инсайт Груп,Офис
55.7292247,37.6227786,МегаФон,Офис
55.7334542,37.6288001,Федеральное агентство лесного хозяйства,Офис
55.8180439,37.5734474,T2,Офис
55.7927046,37.5272768,ТелемедХелп,Офис
55.7029748,37.6483333,"Офис продаж ""Парк легенд""",Офис
55.7811251,37.6036075,Мир Гравировки,Офис
55.7804416,37.5872266,"Институт территориального планирования ""Урбаника""",Офис
55.8058997,37.5288511,Солидарность паблишерс,Офис
55.8058353,37.5288006,Межправительственный совет дорожников,Офис
55.8058091,37.5287754,Региональный фонд содействия ветеранам МВД,Офис
55.8046418,37.5304858,Мегатехникс,Офис
55.7319221,37.5646538,Московский технологический колледж питания,Университет
55.7637356,37.6021229,ЗАО «Генеральная Дирекция Центр»,Офис
55.7633425,37.6332459,Фонд развития интернет-инициатив,Офис
55.7378338,37.6018507,Бутик-офис,Офис
55.726973,37.6261807,МТС,Офис
55.7814816,37.6306585,Профессии будущего,Офис
55.731084,37.6214698,ФБУ Государственная комиссия по запасам полезных ископаемых,Офис
55.7655199,37.6350403,ESA Moscow,Офис
55.8029248,37.5255746,Nolwo,Офис
55.8029136,37.525625,АО «Поликон»,Офис
55.8116118,37.5856962,Центр обслуживания клиентов МОЭСК,Офис
55.8115619,37.585329,МОЭСК Северные электрические сети,Офис
55.7982262,37.5937342,ОАО «Московская объединенная энергетическая компания»,Офис
55.8014862,37.595655,Времена Года,Офис
55.8150159,37.5889831,Администрация,Офис
55.8041515,37.5247252,Межрегиональное бюро кадастровых работ,Офис
55.7781831,37.6161679,Московское городское региональное отделение Единая Россия,Офис
55.6952686,37.6250816,2ГИС,Офис
55.8053399,37.5273668,Игл текнолоджиз,Офис
55.7313642,37.5649158,Старград,Офис
55.7075775,37.6207818,РЕСО,Офис
55.8085711,37.5304858,Билайн,Офис
55.8086302,37.5308226,Без названия,Офис
55.8024923,37.5437714,Грин Хилл,Офис
55.8021118,37.5436826,Валтекс-НТ,Офис
55.7602888,37.6070367,Агентство промышленного развития города Москвы,Офис
55.721356,37.6261128,probok.net,Офис
55.8046137,37.525067,"ПАО ""Яковлев""",Офис
55.7819521,37.6777848,Московская межрегиональная транспортная прокуратура,Офис
55.744171,37.5605599,Без названия,Офис
55.7638038,37.6072883,Бакулина Юлия Николаевна,Офис
55.7774719,37.5749674,ГКУ «АМПП»,Офис
55.7751788,37.5837262,МТС,Офис
55.7787,37.73694,Центральный научно-исследовательский институт «Курс»,Офис
55.8077328,37.5319904,Бирюкова Ольга Михайловна,Офис
55.8077538,37.5320074,Адвокат Родина С.В.,Офис
55.8077744,37.5320308,КБ ЭГИДА,Офис
55.7819196,37.7242264,Ресо,Офис
55.7414645,37.5311218,Сбербанк,Офис
55.8071639,37.6457461,Фонд социального страхования. Филиал 29,Офис
55.8005327,37.5485158,Плотникова А. В.,Офис
55.8004845,37.5485817,Марс-секьюрити,Офис
55.8069355,37.6458308,Kraftway,Офис
55.7082268,37.6592651,Билайн,Офис
55.7550756,37.626691,Исследовательский центр частного права им. С. С. Алексеева,Офис
55.7913172,37.6031123,Центр урегулирования страховых случаев,Офис
55.7884538,37.6626895,Ирбис-СВ,Офис
55.8113567,37.6423211,Радио Шансон,Офис
55.7583967,37.5887135,Простор,Офис
55.8049317,37.5498689,Фонд поддержки социальных благотворительных инициатив,Офис
55.7569743,37.6381559,Радченко И.В.,Офис
55.6995115,37.579314,РЕСО-Гарантия,Офис
55.7744514,37.5931702,Без названия,Офис
55.7569677,37.6382187,Без названия,Офис
55.7055294,37.5777045,Без названия,Офис
55.8025799,37.6489788,Московский электромеханический ремонтный завод МЭМРЗ,Офис
55.7522728,37.5006858,Многофункциональный центр предоставления государственных услуг района Филёвский парк,Офис
55.7218289,37.6733255,РЕСО,Офис
55.8101573,37.63211,Росгосстрах,Офис
55.7237393,37.6080251,Ориентир,Офис
55.730008,37.5573825,Союз ветеранов Афганистана,Офис
55.7300347,37.5573541,"Военно-спортивный клуб ""Герат""",Офис
55.807793,37.5335756,ГБУ «Жилищник»,Офис
55.7408007,37.671975,РусЭнергоСервис,Офис
55.757914,37.5904512,Резиденция посла Нигерии,Офис
55.8025115,37.5350584,ЖСК «Советский писатель»,Офис
55.8025364,37.5350863,LinkLine,Офис
55.8029784,37.535822,Арт-родник,Офис
55.7132486,37.6204373,ОБИТ,Офис
55.8073668,37.5408632,Эж-ЮРИСТ,Офис
55.8074049,37.5409439,Институт исследования товародвижения и конъюнктуры оптового рынка,Университет
55.8074503,37.5410311,Издательский дом «Экономическая газета»,Офис
55.8074939,37.5411216,ООО «Медиагруппа «Журналист»,Офис
55.8067969,37.5439831,"ООО ""ТСЖ Аэробус""",Офис
55.8062293,37.5454248,Еврейская община «Сокол-Аэропорт»,Офис
55.8064506,37.5459753,Олимп Стройсервис,Офис
55.8067713,37.5440237,"Администрация ЖК ""Аэробус""",Офис
55.8136179,37.575606,Без названия,Офис
55.8137626,37.5767192,Ингосстрах,Офис
55.7501248,37.5869617,Посольство Монголии,Офис
55.7349434,37.5661515,МСМ-групп,Офис
55.7962703,37.5612181,"ООО""Вербета""",Офис
55.7021177,37.6535441,Федерация хоккея России,Офис
55.8106081,37.6316563,Adconsult,Офис
55.761782,37.6478884,Институт управления образованием РАО,Офис
55.7426596,37.5453515,Геометрия,Офис
55.7451089,37.5962019,Представительство Ханты-Мансийского автономного округа - Югры,Офис
55.7100616,37.6204859,Билайн,Офис
55.7826201,37.7227445,T2,Офис
55.7510849,37.7318916,Магеллан,Офис
55.7879723,37.6307756,Приёмная ЛДПР,Офис
55.7377905,37.628615,Gerit.ru,Офис
55.7222037,37.6391091,Бентли Системс,Офис
55.778875,37.6381007,"ОДС №18 ГБУ ""Жилищник Мещанского района""",Офис
55.7762819,37.6391843,"ОДС №4 ГБУ ""Жилищник Красносельского района""",Офис
55.8029657,37.5321653,Моушн Вью,Офис
55.7320923,37.6477827,МИЦ,Офис
55.801285,37.5269372,Приёмная комиссия,Офис
55.8007863,37.5189392,Инспекция федеральной налоговой службы № 14 по г.Москве,Офис
55.7437438,37.5509035,Следственный комитет,Офис
55.7377603,37.6285387,"Корона, визовый центр стран Азии",Офис
55.7580839,37.6643449,Аутентика,Офис
55.8062046,37.6177745,We-Run,Офис
55.7659342,37.6437239,"ОДС № 6 ГБУ ""Жилищник Басманного района""",Офис
55.7211457,37.652325,Stormin,Офис
55.7748005,37.687064,ОАО «ВНИПИнефть»,Офис
55.7669821,37.6419698,"Центр ""Амурский тигр""",Офис
55.768408,37.6428281,Полномочное представительство Республики Бурятия при Президенте Российской Федерации,Офис
55.8018443,37.5323648,МегаФон,Офис
55.7241926,37.5612608,Государственный научно-исследовательский институт системного анализа Счётной палаты Российской Федерации,Офис
55.7599439,37.6402786,Государственный Российский Дом народного творчества имени В. Д. Поленова,Офис
55.7604239,37.6392272,Секретариат организации договора о коллективной безопасности,Офис
55.7405973,37.6155922,СЭС Дезслужба Москвы,Офис
55.7766539,37.6458932,СЭС Дезслужба Москвы,Офис
55.786579,37.6078781,СЭС Дезслужба Москвы,Офис
55.7550312,37.6488027,Постоянное представительство Республики Северная Осетия-Алания при Президенте РФ,Офис
55.8033465,37.5343085,КонЭксперт,Офис
55.803242,37.5342342,Галар,Офис
55.7738398,37.6558678,МТС,Офис
55.7247824,37.562858,Lingvo Art,Офис
55.7248043,37.5628231,Лингво Арт,Офис
55.7248927,37.5630712,Отдел лицензионно-разрешительной работы по ЦАО г. Москвы,Офис
55.7249131,37.5630538,Отдел организации миграционного контроля,Офис
55.7778945,37.6016065,Инспекция ФНС России № 47 по г. Москве,Офис
55.7836587,37.7190274,T2,Офис
55.7674512,37.7292492,МегаФон,Офис
55.7276692,37.5339605,Без названия,Школа
55.7686244,37.5901995,СовКомФлот,Офис
55.8028013,37.5721546,Мосводосток ГУП Эгтр № 2,Офис
55.7865069,37.6610282,Intellex,Офис
55.7864858,37.6611073,ООО ВегМаркет,Офис
55.7865213,37.6611261,ООО Верифилд,Офис
55.7054065,37.6580831,Отдел социальной защиты населения Даниловского района,Офис
55.7053105,37.6583058,Управление социальной защиты населения Южного административного округа,Офис
55.8008785,37.6339906,Управа Останкинского района,Офис
55.7340916,37.7054146,Управа Нижегородского района,Офис
55.7587056,37.6962515,Управа района Лефортово,Офис
55.7281414,37.6201293,Европлан,Офис
55.7677969,37.6246145,Нечаева М. И.,Офис
55.7089322,37.6235765,Управление Росреестра по г. Москве,Офис
55.7085302,37.6236328,Инспекция ФНС России №10 по г. Москве,Офис
55.7286874,37.6168882,Посольство Гватемалы,Офис
55.7286852,37.6157286,Посольство Катара,Офис
55.7286766,37.6160948,Посольство Парагвая,Офис
55.7324492,37.6218841,Посольство Экваториальной Гвинеи,Офис
55.7286995,37.616519,Посольство Мальты,Офис
55.7276799,37.6156924,Посольство Черногории,Офис
55.7172184,37.6181522,"Жилищник Даниловского района, ЮАО",Офис
55.7173692,37.6181523,Инженерная служба Даниловского района,Офис
55.7169213,37.6181384,Совет ветеранов,Офис
55.7977728,37.5581595,Ингосстрах,Офис
55.7487941,37.715005,"ГБУ ""Жилищник района Лефортово""",Офис
55.743702,37.6614461,Видовая комиссия автомототуризма,Офис
55.7439105,37.6614951,Федерация спортивного туризма - объединение туристов Москвы,Офис
55.7722241,37.6608125,Общественная приёмная ЛДПР,Офис
55.7718815,37.6605727,Департамент Дистанционного Образования ИМЦ (Институт Мировых Цивилизаций),Офис
55.7521542,37.6398378,Российский научный фонд,Офис
55.7226253,37.5717777,"ГБУ ""Жилищник района Хамовники""",Офис
55.7511496,37.6447546,"АО ""Бюро комплексного проектирования"" Трансинжстрой",Офис
55.7669932,37.5726289,Профессиональный союз работников культуры,Офис
55.7958545,37.6982819,РЭУ-53,Офис
55.7306515,37.6183803,Департамент по материально-техническому и медицинскому обеспечению МВД России,Офис
55.7740592,37.6717827,М.Видео,Офис
55.7376692,37.5051821,Первый Визовый Центр,Офис
55.7337195,37.7120106,Галактика,Университет
55.7353018,37.5851177,Гледен Инвест,Офис
55.7711849,37.590956,Росспиртпром,Офис
55.691929,37.6243869,Международный инновационный образовательный центр,Школа
55.8007058,37.5242101,Центр независимых испытаний и эксертизы в строительстве,Офис
55.8007096,37.524257,Инженерная служба Хорошевского района,Офис
55.8006802,37.5245628,Можайская земля,Офис
55.8006749,37.5246352,ВТБ,Офис
55.8005543,37.5247881,Креатив-Маркет,Офис
55.8005852,37.5243281,Китони,Офис
55.800583,37.5243576,Слово,Офис
55.8085875,37.5304987,РЕСО-МЕД,Офис
55.7692401,37.6461487,ФБК,Офис
55.7687022,37.6467414,Постоянное представительство Республики Саха (Якутия) при Президенте РФ,Офис
55.6943983,37.5686382,Стройкомплектсервис,Офис
55.7031471,37.567623,Федерация независимых профсоюзов России,Офис
55.6946862,37.5680029,"ФГУП ""ЖКУ РАН""",Офис
55.6969843,37.5637442,YRD Center,Офис
55.7020895,37.5775207,Гипротрубопровод,Офис
55.6955975,37.5653951,ГИПРОНИИ РАН,Офис
55.6954499,37.5656167,Секция прикладных проблем при президиуме РАН,Офис
55.6956619,37.5653132,ИВП РАН,Офис
55.6955501,37.5654826,ИПНГ РАН,Офис
55.7619067,37.6339651,Ассоциация российских фармацевтических производителей,Офис
55.7621333,37.6354952,Ассоциация юристов России,Офис
55.6967534,37.5632858,Объединённый центр исследований и разработок Роснефть,Офис
55.6946546,37.5692673,Совет ветеранов #7,Офис
55.7355979,37.7150935,"ООО ""ГиперСталь""",Офис
55.758062,37.5519991,Жилищник,Офис
55.7767688,37.7052646,ОДС 18 Жилищник Басманного района,Офис
55.7772228,37.7045779,Издательский дом Питер,Офис
55.7720846,37.6746167,Национальный расчётный депозитарий,Офис
55.7773378,37.7047942,НПЦ Перспектива,Офис
55.7722109,37.6749478,Национальный клиринговый центр,Офис
55.7406741,37.5969598,Без названия,Офис
55.7111387,37.6681713,Отдел социальной защиты населения Южнопортового района,Офис
55.7228099,37.6268517,Мегал,Офис
55.6939249,37.5629372,Информатика и управление,Офис
55.7536049,37.6629495,Викивиза,Офис
55.8074529,37.5449625,Спортмастер,Офис
55.7841209,37.7025962,Обьединение инжинеров,Офис
55.7840877,37.70268,Тепло-арт,Офис
55.7608311,37.7307604,Центр реабилитации депо Москва-Сортировочная,Офис
55.698757,37.5791652,Институт системного анализа РАН,Офис
55.6988681,37.579202,Международный НИИ проблем управления,Офис
55.7754052,37.5495856,Технопромимпорт,Офис
55.7965548,37.5118968,"представительство АО ""Мотор Сич""",Офис
55.7965791,37.5122705,"ЗАО ""Двигатели «Владимир Климов-Мотор Сич»""",Офис
55.7979513,37.5146857,Первая Строительная компания «Атлант»,Офис
55.7862355,37.6741523,"КПК ""Эталон Сбережений""",Офис
55.8149303,37.6418261,Творческие коллективные мастерские МОСХ России,Офис
55.779863,37.6104176,1С,Офис
55.7982896,37.5800919,Солар Секьюрити,Офис
55.7911582,37.5921853,Союз ветеранов Группы войск в Германии,Офис
55.7911838,37.5921377,Norita,Офис
55.7648702,37.542179,"Автотранспортный комбинат, ФГБУ",Офис
55.7791265,37.6929908,Level Travel,Офис
55.7440646,37.6349568,"ООО ""Атон""",Офис
55.7397894,37.583937,Отдел по вопросам легализации и апостиля,Офис
55.7676025,37.6019896,Институт профессиональных бухгалтеров России,Офис
55.7800733,37.7204585,Комитет солдатских матерей России,Офис
55.7702194,37.6644296,Интеллектуальные социальные системы,Офис
55.7451648,37.6225787,РГС-Жизнь,Офис
55.7678493,37.6741994,ПТЛ Инжиниринг,Офис
55.7742916,37.7108276,Элитаудит,Офис
55.7746251,37.7106933,УК Трек,Офис
55.775718,37.6541239,Центральное таможенное управление,Офис
55.8203197,37.6040269,Фонд имени И.М. Смоктуновского «Золотой Пеликан»,Офис
55.8023092,37.5336821,Ресо,Офис
55.7345808,37.6352241,Служба «одного окна» по жилищным вопросам Департамента имущества Москвы,Офис
55.8110798,37.5726856,Северный округ,Офис
55.7955608,37.5618725,"ОАО ""ГИПРОНИИАВИАПРОМ""",Офис
55.7427627,37.6313496,Представительство Администрации Кемеровской области при Правительстве РФ,Офис
55.701029,37.6255482,Борлас,Офис
55.7327119,37.6262426,Главное управление ПФР № 10 по г. Москве и Московской области,Офис
55.7328939,37.6252824,"Группа компаний ""Ренова""",Офис
55.7648975,37.6149639,Коллегия налоговых консультантов,Офис
55.7681636,37.6018211,Без названия,Офис
55.758892,37.5921947,ОДС Жилищник Пресненского района,Офис
55.7601205,37.5934821,Резиденция посла Республики Корея,Офис
55.6960913,37.5671831,Криотек,Офис
55.7610045,37.6311927,Центральная научно-исследовательская лаборатория психофизиологии и психологии труда ФСБ России,Офис
55.7707972,37.630219,Капитал Инвест,Офис
55.7782218,37.5869563,ДРТ,Офис
55.7778115,37.5867042,Яков и партнеры,Офис
55.7784104,37.5858271,Технологии доверия,Офис
55.7438868,37.6614838,Russian Cycle Touring Club,Офис
55.7063408,37.5965042,Центр немецкого языка DE Lingua,Школа
55.7113298,37.6532706,Artox media,Офис
55.7528366,37.6095378,Московская биржа,Офис
55.756278,37.6133868,АФК «Система»,Офис
55.6852752,37.6217555,Научно-производственное предприятие Волна,Офис
55.7545668,37.6544353,Российское историческое общество,Офис
55.7690699,37.6700353,Без названия,Офис
55.7528217,37.649914,Посольство Индии,Офис
55.7295328,37.5107253,Администрация Музея Победы,Офис
55.7522539,37.6630747,Информационно-аналитический центр в сфере здравоохранения г. Москвы,Офис
55.7395882,37.5246097,Кравец С. И.,Офис
55.8206645,37.6043822,Первый канал,Офис
55.7175248,37.6754299,Инженерная служба района Южнопортовый,Офис
55.7852649,37.5949653,Юридическое партнёрство Лидер,Офис
55.7532306,37.7233964,Группа компаний «Щит»,Офис
55.7198502,37.6280423,LR Health&B,Офис
55.6983886,37.6225524,Гарантпост,Офис
55.7964263,37.5867605,Мособлгеотрест,Офис
55.7147935,37.6774974,Балтика-Транс Логистика,Офис
55.7622076,37.6401418,Новая газета,Офис
55.7695798,37.6610852,"ГКУ ""Центр реформы в ЖКХ""",Офис
55.7695232,37.6610879,"ГБУ ""Городская реклама и информация""",Офис
55.7574511,37.63361,МТС,Офис
55.761766,37.6581736,ООО «Аккаунт»,Офис
55.7828791,37.7060841,T2,Офис
55.7196931,37.6306254,Спорт-экспресс,Офис
55.7437748,37.5911309,Artec3D,Офис
55.7758452,37.541081,Институт кино и телевидения,Университет
55.7616369,37.7124391,Камос Лайн,Офис
55.7598594,37.650345,Постоянное представительство Республики Дагестан при Президенте РФ,Офис
55.7578295,37.6331721,С.Л. Иутина,Офис
55.7932968,37.5753142,Без названия,Офис
55.743968,37.561625,Df group,Офис
55.7583812,37.6507433,Федеральное агентство по делам молодежи,Офис
55.8066818,37.6256139,НаукаСофт,Офис
55.8030079,37.5843816,"ООО ""ПромСнабРезерв""",Офис
55.7766492,37.6997073,SFP media production,Офис
55.7464384,37.5868538,Федеральная палата адвокатов РФ,Офис
55.7142528,37.6552082,ООО «Метакоммерс»,Офис
55.7663342,37.5264672,Интернет-магазин Fissman,Офис
55.7613807,37.6469627,Вагонная ремонтная компания-1,Офис
55.8083503,37.5662845,ПФР Тимирязевский,Офис
55.7590025,37.6522743,Бюро переводов TLS,Офис
55.8176347,37.656001,Московский Юрист,Офис
55.7094147,37.6546584,Московский Юрист,Офис
55.7785496,37.5878021,Московский Юрист,Офис
55.7594191,37.6661928,Московский Юрист,Офис
55.7534695,37.6257547,Московский Юрист,Офис
55.7600684,37.6543924,Без названия,Офис
55.7411672,37.7251772,Приборостроительный факультет МГТУ им. Баумана,Университет
55.770077,37.6326576,Планета Закона,Офис
55.7830305,37.5729565,ТранЭкспресс,Офис
55.7829551,37.572864,Гринга,Офис
55.7829362,37.5728211,Без названия,Офис
55.7471473,37.5834304,ООО «АРД ЛЕКС»,Офис
55.7271675,37.5350864,Сбербанк Лизинг,Офис
55.7558916,37.6568399,Департамент развития новых территорий города Москвы,Офис
55.7819995,37.556831,Без названия,Офис
55.7587245,37.6553419,Центр внешнеполитического сотрудничества имени Е.М. Примакова,Офис
55.7715873,37.568052,"АО КГ ""Постпроцессор""",Офис
55.8121057,37.6363949,ООО Арема,Офис
55.7213222,37.6055311,Консульство Мальты,Офис
55.7496908,37.5872527,Без названия,Офис
55.7781612,37.6998504,Dicis,Офис
55.7765565,37.676098,Poster POS,Офис
55.766377,37.5890887,Полюс,Офис
55.7180973,37.6239759,Центр строительной экспертизы,Офис
55.7169826,37.6964349,Сити Фабрика,Офис
55.723432,37.6326102,Международная промышленная академия,Университет
55.7832779,37.5729337,Мослифт,Офис
55.7666616,37.6489781,DesignChat,Офис
55.7420614,37.5356756,СДЭК,Офис
55.7757569,37.5533092,ЮрбериПроф,Офис
55.7600111,37.5882572,Союз архитекторов России,Офис
55.7310761,37.5610625,ПСИ,Офис
55.7399224,37.660006,Без названия,Офис
55.708365,37.6521403,CreditControl,Офис
55.7613769,37.5816231,"ООО ""Межрегиональный центр охраны труда ""ЭКСПЕРТИЗА""",Офис
55.7847098,37.6738952,ГлавБэкери,Офис
55.7581711,37.6312389,Российский общественно-политический центр,Офис
55.7826015,37.5986164,МХ,Офис
55.7338929,37.6644802,"ООО Независимый консалтинговый центр ""Эталонъ""",Офис
55.7516637,37.6698661,Британская высшая школа дизайна,Университет
55.7427816,37.5987486,Церих Кэпитал Менеджмент,Офис
55.7469515,37.6019284,Агрохимэкспорт,Офис
55.7707352,37.6628712,Институт мировых цивилизаций,Университет
55.7726836,37.6305017,Emirates,Офис
55.7613763,37.5515838,ОКТА Медиа,Офис
55.7766465,37.6769159,Central Yard II,Офис
55.7648213,37.6541818,Единство-Персонал,Офис
55.7385682,37.6589964,Без названия,Офис
55.7376289,37.6609451,"ПАО ""Мосэнергосбыт""",Офис
55.7394107,37.6657502,"Федеральная служба по экологическому, технологическому и атомному надзору",Офис
55.747283,37.5393445,ООО «Мототека»,Офис
55.7769513,37.676385,"ООО ""Мобильное Измерение""",Офис
55.775761,37.5385015,Ясность,Офис
55.7563904,37.6328862,RosCase,Офис
55.7446749,37.5970333,Посольство Абхазии,Офис
55.7421552,37.6060979,Посольство Мадагаскара,Офис
55.7460963,37.59553,Посольство Камбоджи,Офис
55.7909644,37.5773798,НПК Негатоскоп.Ру,Офис
55.733387,37.5218028,"Управление Федеральной службы государственной регистрации, кадастра и картографии по Московской области",Офис
55.7085603,37.6534046,Mondigo,Офис
55.7409448,37.6552346,МТС,Офис
55.740205,37.6557013,Мобильные ТелеСистемы,Офис
55.740217,37.6564792,МТС,Офис
55.7251218,37.5622548,Кенгуру.Про,Офис
55.7393216,37.6574394,Мобильные ТелеСистемы,Офис
55.7476334,37.6735835,Star Talk,Офис
55.7202385,37.6234558,Федеральное агентство по образованию Российской Федерации,Офис
55.7624558,37.7275288,Сервисторг,Офис
55.7446922,37.5134544,Побратим,Офис
55.7447677,37.5133632,Инвалиды войны,Офис
55.7448432,37.5131741,Столица,Офис
55.7656698,37.7265669,Метал-лайн,Офис
55.7994002,37.7123158,Волкова Юлия Станиславовна,Офис
55.6907264,37.6269296,АНО МСЭБ,Офис
55.7553377,37.6409921,"ОДС № 2 ГБУ ""Жилищник Басманного района""",Офис
55.7819275,37.6970813,HouseLaw,Офис
55.749783,37.5378886,Диаметраль,Офис
55.7212281,37.6520598,Корбайт,Офис
55.7202309,37.7163863,RusVolvo,Офис
55.7651303,37.6388261,T2,Офис
55.692406,37.6632317,"ООО ""АПРИОРИ ГРУПП""",Офис
55.7185674,37.6766451,T2,Офис
55.747473,37.673064,Столичный обмен жилья,Офис
55.8015827,37.5812978,Студия дизайна Arstelle Design,Офис
55.758388,37.5998054,"АО ""Особые экономические зоны""",Офис
55.7315385,37.6087962,"ОДС № 3 ГБУ ""Жилищник района Якиманка""",Офис
55.7380653,37.5217827,"ОДС № 404 ГБУ ""Жилищник района Дорогомилово""",Офис
55.7578453,37.6377059,Федеральная служба войск национальной гвардии,Офис
55.7964971,37.5498211,Мечел,Офис
55.7987037,37.5703776,Исследовательский центр Пиво и напитки XXI век,Офис
55.7099445,37.6550958,1й Национальный альянс,Офис
55.7238415,37.6368445,Шоли Механикс,Офис
55.7827873,37.5983658,Богатырев & Партнеры,Офис
55.7704014,37.5965829,Билайн,Офис
55.8030171,37.6368431,Без названия,Офис
55.8104646,37.537622,МОЭК Филиал № 2 Предприятие № 5 «Савёловское»,Офис
55.7573224,37.565901,Газпром-медиа,Офис
55.7419127,37.6214468,Творческий союз художников России,Офис
55.7732948,37.6058927,МегаФон,Офис
55.7390615,37.6201574,Федеральный экологический оператор,Офис
55.7273273,37.6100379,Университет мировых цивилизаций им. В.В. Жириновского,Университет
55.7470897,37.6166993,Резиденция посла Великобритании,Офис
55.7880221,37.5828759,Mover,Офис
55.7176871,37.5120863,"ООО ""Роял Косметикс""",Офис
55.7741405,37.5310091,GTD Russia,Офис
55.7702465,37.5988882,Транслогистик,Офис
55.7687687,37.5068368,"ООО НИЛ ""СТРОЙМАТЕРИАЛЫ""",Офис
55.7631621,37.6362661,"ОДС № 3 ГБУ ""Жилищник Басманного района""",Офис
55.7623374,37.6360394,РЕСО-Гарантия,Офис
55.6954946,37.565682,Академкапстрой,Офис
55.7412151,37.609179,Движение «Альтернатива»,Офис
55.7393394,37.6290808,Радуга,Офис
55.7793241,37.7216844,МегаФон,Офис
55.7924458,37.6079433,IQSocial,Офис
55.7765443,37.674914,Blacklight,Офис
55.755312,37.6264089,Министерство финансов РФ,Офис
55.7676317,37.6164365,Научный центр экспертизы средств медицинского применения,Офис
55.7471378,37.6794143,СДЭК,Офис
55.7444061,37.7390906,ЛК ТК Сервис,Офис
55.7147571,37.6770296,Навикон,Офис
55.7546373,37.5993079,Цветкова Е.С.,Офис
55.7523679,37.6549564,Управление Судебного Департамента при ВС РФ в МО,Офис
55.7591146,37.5988962,"Центральный НИИ экономики, информатики и систем управления",Офис
55.764403,37.6549272,Промсвязьналадка,Офис
55.762075,37.649533,Клуб Приключение,Офис
55.7588471,37.6458415,Без названия,Офис
55.7611777,37.5929752,Представительство Правительства г. Санкт-Петербурга в г. Москве,Офис
55.7676146,37.647177,Федерация баскетбола Москвы,Офис
55.7624348,37.6003996,Департамент жилищно-коммунального хозяйства города Москвы,Офис
55.762846,37.5975604,Главное управление Пенсионного фонда РФ №10 г. Москвы и Московской области,Офис
55.7531113,37.6378781,Государственная фельдъегерская служба Российской Федерации,Офис
55.7523702,37.6374355,Лицей НИУ ВШЭ,Школа
55.7542815,37.5575497,Aristo Developers,Офис
55.7962075,37.6887881,Sharkom,Офис
55.745697,37.6334873,Энергогарант,Офис
55.73446,37.6418249,Нечаева Т. Е.,Офис
55.7428744,37.6401392,"ОДС № 2 ГБУ ""Жилищник района Замоскворечье""",Офис
55.7414135,37.5901354,Издательство «Ломоносовъ»,Офис
55.7703928,37.6250182,Мещанская межрайонная прокуратура,Офис
55.7524455,37.6540795,Консульский отдел,Офис
55.7810721,37.6038659,Контур центр,Офис
55.7153771,37.5223478,ООО ТД ТМЗ,Офис
55.754826,37.6090971,Sberbank CIB,Офис
55.7544018,37.6514799,Приёмная ГУ МВД по МО,Офис
55.7853043,37.659406,Информтехника,Офис
55.7628551,37.5975523,Главное управление пенсионного фонда РФ,Офис
55.78232,37.6776744,Деловые линии,Офис
55.7804342,37.6735987,Математический факультет МГПУ,Университет
55.7529339,37.6479041,Объединённая диспетчерская служба №2,Офис
55.7596248,37.5828928,Российская медицинская академия непрерывного профессионального образования,Университет
55.7407901,37.6262229,Ли Вест,Офис
55.7421906,37.5015284,Профлоджистик-ТБ,Офис
55.7324001,37.5516826,Фонд перспективных исследований,Офис
55.7593045,37.666119,GlowByte Consulting,Офис
55.8041483,37.5641414,Т‑Страхование,Офис
55.7026906,37.6711562,Ferrum Design,Офис
55.7286756,37.6107743,Est-a-Tet,Офис
55.7570945,37.6054957,Международный союз музыкальных деятелей,Офис
55.770835,37.650292,Автономная некоммерческая организация «Московский институт судебных экспертиз»,Офис
55.7894353,37.5365543,Альфа страхование,Офис
55.7582256,37.6341939,Psycho Place,Офис
55.7106372,37.5989203,Лысякова Ольга Сергеевна,Офис
55.7626881,37.6774122,Балтийский лизинг,Офис
55.7065258,37.5971523,Мамси,Офис
55.7064341,37.5970641,Reposh,Офис
55.7668516,37.625961,Соврыбфлот,Офис
55.7623027,37.6237428,ВТБ,Офис
55.7619369,37.6266727,Стройтэкс,Офис
55.737379,37.5956011,Пресс-бюро Службы внешней разведки России,Офис
55.7401974,37.5966042,Первая нерудная компания,Офис
55.7437041,37.5968523,Щетинин И. А.,Офис
55.7545286,37.5982846,Институт США и Канады Российской академии наук,Офис
55.7722006,37.5971735,Федеральный Комитет по защите прав потребителей и контролю соблюдения гражданских прав,Офис
55.7315649,37.6211961,Сергеева И. А.,Офис
55.7498526,37.6450416,Российская Автомобильная Федерация,Офис
55.734284,37.6240151,Капитонова Т. С.,Офис
55.7337268,37.6219873,Посольство Республики Намибия,Офис
55.7347462,37.6240244,Газметаллпроект,Офис
55.7332798,37.6213637,Представительство Администрации Краснодарского края при Правительстве РФ,Офис
55.7756065,37.5531512,Роснефть,Офис
55.7558012,37.6280264,Московский фонд реновации жилой застройки,Офис
55.7862827,37.5820092,OAO Дукс,Офис
55.6950325,37.5911465,СтройМир,Офис
55.7625563,37.6396312,Simetra,Офис
55.7440843,37.6348735,"АО ""ЭР-Телеком Холдинг""",Офис
55.7189312,37.6017165,Центр дизайна и ремёсел,Офис
55.7185956,37.602092,Столичные кабельные сети,Офис
55.7189188,37.6073497,Центр патриотического воспитания и школьного спорта Департамента образования г. Москвы,Офис
55.735364,37.6168057,Районное общество инвалидов Якиманка,Офис
55.7372089,37.6153887,Без названия,Офис
55.7973174,37.5336474,Культурно-деловой центр российских корейцев,Офис
55.7993656,37.5327502,"Деловой центр ""Ленинградский""",Офис
55.7465509,37.674114,Ингосстрах,Офис
55.6916242,37.6224087,CarPrice,Офис
55.766815,37.540111,CarPrice,Офис
55.7870905,37.7178995,CarPrice,Офис
55.7153285,37.5224782,"ООО АФ ""Трай - МАК Аудит""",Офис
55.7153602,37.522446,SMP Racing,Офис
55.7155264,37.522733,СБМ Группа компаний,Офис
55.8225813,37.6222666,Без названия,Офис
55.7365643,37.6146944,Ассоциация банков России,Офис
55.7641166,37.6006624,Nika Estate,Офис
55.7502025,37.6055279,Институт государства и права РАН,Офис
55.7711905,37.6058124,Московская коллегия адвокатов «На Малой Дмитровке»,Офис
55.7341911,37.6101188,Гринворкс,Офис
55.7323034,37.6469474,Havas Creative Group Russia,Офис
55.7453411,37.6017457,Российский союз ветеранов,Офис
55.7571398,37.6089263,Следственный департамент МВД России,Офис
55.738524,37.5168789,"Совет пенсионеров, ветеранов войны, труда, Вооруженных Сил и правоохранительных органов района Дорогомилово",Офис
55.8047904,37.5666814,CarPrice,Офис
55.789156,37.7088938,Фомос-Материалс,Офис
55.7867721,37.5203057,Клинский институт охраны и условий труда,Офис
55.7792978,37.6333448,Строй Хауз,Офис
55.7371669,37.5244877,Amtel Properties,Офис
55.7386437,37.5318624,Alex Beauty Concept,Офис
55.7052069,37.6667283,Клуб Путешественников «Спорт-Марафон»,Офис
55.7946795,37.6987629,РЕСО-Гарантия,Офис
55.7594323,37.6373336,Представительство Республики Карелия при Президенте РФ,Офис
55.7597025,37.6379317,"АО ""Зарубежнефть""",Офис
55.777773,37.502992,Интернет-правосудие | WEBJUSTICE,Офис
55.7913636,37.523879,Рег.ру,Офис
55.7660942,37.6042633,"Бюро переводов ""Диалог""",Офис
55.7944854,37.5891006,T2,Офис
55.7277912,37.6882665,Sopytka,Офис
55.8079452,37.636025,"ООО ЮК ""Юридиция""",Офис
55.7587679,37.7341218,Компания ЕТ,Офис
55.7365492,37.6447123,Государственный НИИ операционных систем,Офис
55.7340211,37.5511103,slysky,Офис
55.7432668,37.5764836,Без названия,Офис
55.7707029,37.5926051,Мишанин Ю. В.,Офис
55.7754522,37.5860564,Без названия,Офис
55.7188214,37.5110391,СДЭК,Офис
55.7394641,37.6132816,Эзвелл,Офис
55.7101811,37.6749683,Теле2,Офис
55.7621845,37.6366155,Группа компаний ОТК,Офис
55.7808651,37.6877554,Трансском,Офис
55.7798596,37.6688281,ГБУ «Жилищник Красносельского района»,Офис
55.7793124,37.6683506,Управа Красносельского района,Офис
55.7599164,37.7144809,Геленк,Офис
55.7005959,37.5894508,Борис-88,Офис
55.7190201,37.5999259,РН-Транс,Офис
55.7188889,37.600642,РН-Сервис,Офис
55.6915474,37.6194267,Московская баскетбольная академия,Офис
55.691899,37.619332,Отдел жилищных субсидий Доеско,Офис
55.6932737,37.6180896,ПИК-Комфорт служба эксплуатации,Офис
55.7163233,37.5217081,Межрегиональная общественная организация Академия Военных Наук,Офис
55.7163936,37.5216062,НИИ Военной Истории,Офис
55.7319566,37.5623224,Сбербанк-АСТ,Офис
55.8192436,37.5649227,"ООО ""Марк энд Оукс""",Офис
55.7411449,37.6174074,Адвокатский кабинет № 2075,Офис
55.7839305,37.702088,Binom Systems,Офис
55.7631387,37.6473275,Без названия,Офис
55.7810931,37.5736941,Главное бюро медико-социальной экспертизы по г. Москве,Офис
55.7636277,37.6507567,ОДС № 7,Офис
55.7147765,37.624495,Финанс Френдс,Офис
55.7676015,37.5996512,МТС,Офис
55.7100993,37.6543426,HR Sales,Офис
55.7098551,37.6571302,HinteJinro,Офис
55.728097,37.6457724,Акционерное Общество «Единая Электронная Торговая Площадка»,Офис
55.7626135,37.6254374,Визовый центр Болгарии в Москве,Офис
55.7712234,37.6060792,Группа компаний Родина,Офис
55.7090977,37.6174924,Инженерная служба Даниловского района,Офис
55.7284727,37.6227614,Билайн,Офис
55.7269749,37.6260164,Билайн,Офис
55.7709941,37.6284689,Ингосстрах,Офис
55.7707806,37.6299079,НИиПИ Градостроительного и системного проектирования,Офис
55.7592731,37.5855414,Бест-Недвижимость,Офис
55.7646647,37.6344493,"ООО ""Колибри транспорт""",Офис
55.8128176,37.6323142,Арти,Офис
55.7546132,37.6054797,ID-partment,Офис
55.7299561,37.6320935,ГК РСУ 4,Офис
55.7573103,37.6046509,"ОДС № 7 ГБУ ""Жилищник Пресненского района""",Офис
55.7983297,37.5209111,Javad,Офис
55.7082038,37.6157069,СДЭК,Офис
55.6955009,37.6222574,Дезинфекционная станция №4,Офис
55.6947221,37.6221032,Московская академия экономики и права,Университет
55.726509,37.6286766,Контект,Офис
55.754414,37.5571564,Карго - мир,Офис
55.7577138,37.6271134,Русское географическое общество,Офис
55.754432,37.5828069,EKA-Процессинг,Офис
55.7540683,37.5814712,Промсырьеимпорт,Офис
55.7484433,37.6484014,Nuffic Neso Russia,Офис
55.7706085,37.6248996,LegisVia,Офис
55.7789569,37.6429076,"Пенсионный фонд России, клиентская служба Красносельский",Офис
55.7256803,37.5734674,ДСЛ-Сервис,Офис
55.763593,37.5868598,Федеральная антимонопольная служба,Офис
55.7629984,37.5855535,ФГУП «ЦНИИ «Центр»,Офис
55.7440651,37.6441777,Офис продаж «Симфония набережных»,Офис
55.736559,37.5224036,"ОДС 369 ГБУ ""Жилищник района Дорогомилово""",Офис
55.7358697,37.5262713,Johnson Controls,Офис
55.7360577,37.5251824,Электронный щит,Офис
55.7667799,37.611056,Союз театральных деятелей Российской Федерации,Офис
55.766838,37.6527295,Сберагро,Офис
55.7531117,37.6702083,Ателье 3д услуг,Офис
55.7153071,37.6966339,ООО «СТРОЙИНВЕСТ»,Офис
55.7625081,37.6523148,Aleks Group,Офис
55.7790092,37.5869998,Нимрод,Офис
55.7808868,37.6119362,Корп Софт,Офис
55.7327751,37.5649462,Vikilini,Офис
55.7496791,37.7256967,1С Автоматизация,Офис
55.7602352,37.6526383,"ФГУП ""Торговый дом ""Кремлевский""",Офис
55.7603016,37.6526946,"ФГУП ""Госзагрансобственность""",Офис
55.728813,37.6111203,T2,Офис
55.7782277,37.6996178,Армгласс,Офис
55.7818699,37.707248,ПЭК:Easyway,Офис
55.8074248,37.5421331,"ООО «Киностудия ""Звезда""»",Офис
55.7484952,37.6288819,Объединенная энергетическая компания,Офис
55.7498972,37.5377382,"ППК ""РЭО""",Офис
55.6929918,37.5631556,Память,Офис
55.7900816,37.6315374,Телеканал ТНТ,Офис
55.7900467,37.6313266,Телеканал Матч,Офис
55.7900262,37.6316092,Телеканал 2х2,Офис
55.7898302,37.6309746,Телеканал Пятница,Офис
55.7898974,37.6312011,Телеканал ТВ-3,Офис
55.7899713,37.6314024,Телеканал Супер,Офис
55.7894032,37.6300737,РЕСО-Гарантия,Офис
55.7335224,37.6114351,ФАУ «Главгосэкспертиза России»,Офис
55.7413496,37.5314069,Сбер страхование,Офис
55.7989385,37.52827,Государственная инспекция по контролю за использованием объектов недвижимости,Офис
55.7621526,37.5698289,Райдекс,Офис
55.7828134,37.7177082,Rebelstore,Офис
55.7632037,37.5248474,Сити-Тест,Офис
55.7693773,37.5079072,Стройгарантсервис,Офис
55.7902306,37.5537273,MDT,Офис
55.7483638,37.6562351,Мостоотряд-4 Дороги и мосты,Офис
55.7653415,37.6386242,ХолодПарк,Офис
55.7279295,37.6141043,СДЭК,Офис
55.7380971,37.5331868,Отдел по ЗАО УФСБ РФ,Офис
55.7115555,37.5584106,ГК Мангазея,Офис
55.7268696,37.574387,ЛюксДом,Офис
55.7691677,37.6668373,Красные крыши,Офис
55.7655766,37.5273873,ООО Сисмекс Рус,Офис
55.7818234,37.6699612,Hotlead,Офис
55.6888395,37.5729583,Институт российской истории Российской академии наук,Офис
55.6889739,37.5725663,Институт Археологии РАН,Офис
55.6866188,37.614048,Корвет-М,Офис
55.7276086,37.6982132,Мостранссклад,Офис
55.7274557,37.6994772,Автопитер,Офис
55.7573828,37.6076549,Институт экономической политики им. Е. Т. Гайдара,Офис
55.7688216,37.6380919,Psycho Place,Офис
55.7989389,37.5604315,Что делать Консалт,Офис
55.7859496,37.6598498,Люкс Персонал,Офис
55.7706216,37.6533042,АО ЭМИ,Офис
55.7875786,37.591362,Контур Экстерн,Офис
55.7439029,37.6268478,Бокс Склад,Офис
55.7584204,37.6132652,Live Concert,Офис
55.7480483,37.5354069,Министерство экономического развития России,Офис
55.7547973,37.5902058,Диспетчерская служба №2,Офис
55.7443989,37.6292581,Представительство Ростовской области в г. Москве,Офис
55.7709655,37.6048339,Psycho Place,Офис
55.8053093,37.5862274,"ООО ""Пасека""",Офис
55.7183035,37.6728016,Lash for you,Офис
55.7615376,37.6379706,За и Против,Офис
55.7645602,37.631721,"ОДС № 1 ГБУ ""Жилищник Красносельского района""",Офис
55.689788,37.5790827,Финко,Офис
55.6896378,37.5742807,МТС,Офис
55.7597997,37.5205328,Мрспроектстройиндустрия,Офис
55.7574636,37.5221268,Управляющая компания 10 Пресненского района,Офис
55.7429862,37.5374481,Первый экстернат,Школа
55.7639996,37.6098117,ДиПОС,Офис
55.7705062,37.5752729,Ск Столица,Офис
55.6996689,37.6955299,Vamvidnee,Офис
55.7514524,37.6351342,Системный оператор Единой энергетической системы,Офис
55.7358234,37.599297,Посольство Новой Зеландии,Офис
55.7060655,37.6468356,Лавка чудес,Офис
55.7494991,37.6808487,Диуса пет,Офис
55.7515143,37.6356867,Техническая инспекция ЕЭС,Офис
55.7217925,37.6834295,Смарт-Т,Офис
55.8127706,37.6043351,Centershot,Офис
55.8070395,37.6222032,ГК Ланит,Офис
55.762263,37.5696879,"ООО ""КМ Кран""",Офис
55.7716247,37.6248586,"ОДС ГБУ ""Жилищник Мещанского района""",Офис
55.7570824,37.6266557,Главное медицинское управление Управления делами Президента Российской Федерации,Офис
55.7564304,37.6272941,Межрегиональная инспекция ФНС по крупнейшим налогоплательщикам №2,Офис
55.756484,37.62843,Министерство труда и социальной защиты Российской Федерации,Офис
55.7566855,37.6292118,Совет при Президенте РФ по развитию гражданского общества и правам человека,Офис
55.756764,37.6290965,Управление Президента РФ по обеспечению конституционных прав граждан,Офис
55.7711404,37.6166484,Русская классическая гимназия,Школа
55.7691428,37.6017501,РЕСО-Гарантия,Офис
55.7740047,37.6177078,РЕСО-Гарантия,Офис
55.760196,37.5734299,Представительство Калининградской области при Правительстве РФ,Офис
55.7717386,37.6622232,Центральная пригородная пассажирская компания,Офис
55.7699737,37.6611406,Федеральная таможенная служба Российской федерации,Офис
55.7921244,37.6281236,Абакус центр,Офис
55.7706995,37.6643777,"Федеральная служба по экологическому, технологическому, и атомному надзору",Офис
55.7703578,37.6634211,Российское общество оценщиков,Офис
55.7702953,37.6634098,Межрегиональный центр библиотечного сотрудничества,Офис
55.7466036,37.5874364,ФГБУ Научный центр экспертизы средств медицинского применения,Офис
55.7498224,37.5375294,ООО «Офислорд»,Офис
55.7722512,37.6781885,Билайн,Офис
55.7442242,37.587706,Представительство Тамбовской области при Правительстве РФ,Офис
55.775518,37.6762515,Центр инноваций «Объединённые кондитеры»,Офис
55.7780313,37.6724054,Иванов Б.С.,Офис
55.7425227,37.5834185,"ОДС № 6 ГБУ ""Жилищник района Хамовники""",Офис
55.7474224,37.5371882,Московская городская нотариальная палата,Офис
55.7478963,37.7039252,МосАкрил,Офис
55.7612448,37.6410913,Сельэлектросетьстрой,Офис
55.7396,37.613494,Holz House,Офис
55.7964956,37.609633,Dexmedical,Офис
55.7329143,37.6227021,Всероссийский научно-исследовательский институт МВД России,Офис
55.7220379,37.6518122,ActiveCloud,Офис
55.7136841,37.5923408,Журнал «Химия и жизнь»,Офис
55.7493884,37.5368673,O2 Consulting,Офис
55.7716941,37.6639867,Московский музыкальный театр «На Басманной»,Офис
55.7637522,37.648454,Промбурвод,Офис
55.7279081,37.7145849,Доставка Гуру,Офис
55.7655448,37.6477848,Представительство Омской области при Правительстве Российской Федерации,Офис
55.763353,37.6014429,АНО «Музыкальное сердце театра»,Офис
55.790539,37.597531,Театр «Бродячий вертеп»,Офис
55.759461,37.629709,Московский театр марионеток «Фигаро»,Офис
55.781397,37.5767317,Общеобразовательная православная школа искусств,Школа
55.7387501,37.6023553,Калинка,Офис
55.7626702,37.6448243,"ОДС № 5 ГБУ ""Жилищник Басманного района""",Офис
55.7826648,37.6645848,РЕСО-мед,Офис
55.7784269,37.6997953,Металл-стандарт,Офис
55.767806,37.6351194,Без названия,Офис
55.7674325,37.632755,The Five,Офис
55.7472755,37.5395621,Конверсология,Офис
55.7204395,37.6166276,Casting Moscow,Офис
55.7656867,37.6493646,Институт законодательства и сравнительного правоведения при Правительстве РФ,Офис
55.7664908,37.6488099,Всероссийский институт аграрных проблем и информатики им. А.А. Никонова,Офис
55.8075789,37.5706011,ROIF Expert,Офис
55.8165598,37.6494272,Садрин,Офис
55.7493871,37.5373539,Terrasun,Офис
55.789723,37.5967633,Роспотребнадзор,Офис
55.7913442,37.5257031,Дуэт,Офис
55.7737619,37.6824385,Psycho Place,Офис
55.7755321,37.6531318,Технологический центр управления пригородным пассажирским комплексом Московской железной дороги,Офис
55.7771153,37.5869067,Азбука жилья,Офис
55.7684963,37.6268394,"ОДС № 2 ГБУ ""Жилищник Мещанского района""",Офис
55.7742081,37.5319061,Рабочие Руки,Офис
55.6963043,37.6201859,"ООО ""Агентство ""Домовой и Партнеры""",Офис
55.7504372,37.6452005,Институт энергетической стратегии,Офис
55.7802768,37.6964832,Wood-Brus,Офис
55.7920118,37.5671983,ГБОУ Школа №1601,Школа
55.7920601,37.567032,"Московский союз художников ""Объединение художников графического станкового искусства""",Офис
55.79276,37.5633281,Без названия,Офис
55.7937934,37.5644488,СДЭК,Офис
55.794353,37.5596944,"НИИЦ авиационной, космической медицины и военной эргономики Министерства обороны РФ",Офис
55.7866532,37.634367,Центральный НИИ радиоэлектронных систем,Офис
55.7934938,37.5597153,"Корпорация ""Галактика""",Офис
55.7934653,37.5597885,Информзащита,Офис
55.7934413,37.5598556,Нептун Ко Лтд.,Офис
55.7956561,37.5622026,IT Com,Офис
55.7943561,37.716307,Шарапова Е.П.,Офис
55.7960053,37.5603061,Геотехдизайн,Офис
55.7959732,37.5603505,Спецпромресурс,Офис
55.7965965,37.5585068,НПО Специальных Материалов,Офис
55.7973735,37.559995,Отдел социальной защиты населения Савеловского района,Офис
55.7987384,37.5543822,"ФГУП ""Охрана"" Росгвардии",Офис
55.7236519,37.6553585,Bricks IT,Офис
55.8045898,37.5615702,Computer Support Services,Офис
55.8046081,37.5627313,"Машиностроительное конструкторское бюро ""Искра""",Офис
55.8047349,37.5689441,Московское ПО «Металлпластизделие» (Галантерея),Офис
55.8048781,37.5688698,Металлпластизделие,Офис
55.7907295,37.6610242,Cognitive Technologies,Офис
55.7008653,37.6227559,Вега аст,Офис
55.8027705,37.5415596,Новая гуманитарная школа,Школа
55.8023116,37.5392928,ГБУ Жилищник район Аэропорт ОДС №4,Офис
55.7778882,37.6726809,Vanilla lab,Офис
55.7956611,37.5660133,ТСЖ Малахит-26,Офис
55.7942888,37.6576945,ФГБУ Национальный Парк Лосиный Остров,Офис
55.7633842,37.5407437,Дом для ПК,Офис
55.7636009,37.5408362,Sailing Art,Офис
55.7631641,37.5406636,Гуманитарные технологии управления,Офис
55.8017987,37.5846922,F class,Офис
55.7769411,37.6308158,Ренессанс страхование,Офис
55.7042492,37.5864071,ПАО «Мосэнергосбыт»,Офис
55.7622137,37.6329401,Роскоммунмашстрой,Офис
55.7617247,37.7121726,"Районный совет ветеранов района Лефортово, первичная органищация",Офис
55.776514,37.5715539,SDM Climate,Офис
55.7881538,37.5775538,Вторая прокуратура по надзору за исполнением законов на особо режимных объектах Московской области,Офис
55.7898974,37.664446,"ОДС № 3 ГБУ ""Жилищник района Сокольники""",Офис
55.7749414,37.7055148,Совет ветеранов #13 первичной организации Бауманского района,Офис
55.78032,37.7351296,Архив кадровой документации ВАО,Офис
55.726009,37.5758734,Трансмашхолдинг,Офис
55.8006072,37.5552052,Щеглов и партнёры,Офис
55.7464968,37.5813893,Ингосстрах,Офис
55.707926,37.604611,ЧОП «Страж»,Офис
55.8180793,37.6321057,Амонт,Офис
55.7983448,37.554307,"Федеральное Космическое Агентство Роскосмос ОАО ""ЭХО""",Офис
55.7947706,37.5759219,Гормедтехника Департамента здравоохранения города Москвы,Офис
55.7901384,37.5941031,"Администрация парка ""Новослободский""",Офис
55.7708703,37.6357905,Сретенка,Офис
55.771454,37.6366312,Agenda,Офис
55.7717219,37.6368007,Сайт Мастер,Офис
55.8029016,37.6405925,"АО ""Мосгаз"" управление №1",Офис
55.7441295,37.58633,Представительство Правительства Калужской области при Правительстве РФ,Офис
55.7442967,37.5845021,Райффайзен Капитал,Офис
55.7886635,37.6748014,"ГБУ ""Жилищник района Сокольники""",Офис
55.8045779,37.6516244,Вера-1,Офис
55.8038679,37.6509002,Баварес,Офис
55.8010865,37.6464289,"ООО ""Cleaning company""",Офис
55.7711883,37.6330022,МК-Логистика,Офис
55.7711725,37.633222,ПриборКомплект,Офис
55.7712029,37.6328224,Business Class,Офис
55.7713368,37.6333204,Альфа Реестр,Офис
55.7653713,37.6269507,Русский дом,Офис
55.7435803,37.5889747,International Outsourcing Group,Офис
55.7443193,37.5893261,Национальный научный центр наркологии,Офис
55.6960258,37.6195679,InboxMarket,Офис
55.753998,37.5767674,Московская федерация профсоюзов,Офис
55.8026114,37.6394383,АО Мосводоканал Район канализационной сети №10,Офис
55.7913348,37.6732443,ОДС-2,Офис
55.7897978,37.6781592,Билайн,Офис
55.7899296,37.6780719,T2,Офис
55.7912315,37.6752519,Совет ветеранов первичной организации №1 района Сокольники ВАО,Офис
55.7912406,37.6752946,Общество инвалидов,Офис
55.7180932,37.6197557,Научно-исследовательский институт ФГУП «Гознак»,Офис
55.7621895,37.5899175,ОДС № 854,Офис
55.7410286,37.6047098,Представительство губернатора Свердловской области,Офис
55.789163,37.6646337,ОАО Агрохиминвест,Офис
55.7892826,37.664944,Российский союз предприятий и организаций химического комплекса,Офис
55.7889877,37.6632516,Мировые судьи Судебных участков №№ 104. 105 Района Сокольники,Офис
55.7632964,37.6129957,Psycho Place,Офис
55.7586928,37.5625483,Академия джаза,Университет
55.7154748,37.522528,"ООО ""РФК""",Офис
55.7848813,37.6770476,ООО Стройресурс Инновации,Офис
55.8142545,37.5760075,Капитал Медицинское Страхование,Офис
55.808594,37.639312,Капитал Медицинское Страхование,Офис
55.7521874,37.5013697,Капитал Медицинское Страхование,Офис
55.7641198,37.7344161,Капитал Медицинское Страхование,Офис
55.785551,37.6312579,ООО «ТехноНИКОЛЬ-Строительные Системы»,Офис
55.7729267,37.5997156,ТрансКонтейнер,Офис
55.7952792,37.5469249,Новотранс,Офис
55.7831237,37.6595468,Без названия,Офис
55.7549701,37.5570277,Гет Телеком,Офис
55.7978928,37.6873454,Совет ветеранов №4,Офис
55.7942796,37.6903882,ОДС 6,Офис
55.7975209,37.578392,Otto Group Russia,Офис
55.7241633,37.6053222,Центральный банк РФ,Офис
55.724124,37.6052815,Российское Технологическое Общество,Офис
55.726889,37.6093367,Центральный банк РФ,Офис
55.719045,37.608709,МТС,Офис
55.7978399,37.6709699,Инженерно - техническая служба,Офис
55.7374738,37.6586396,Мосгоруслуга,Офис
55.7522362,37.7164158,Билайн,Офис
55.7810989,37.5166176,Statex,Офис
55.7942244,37.6920879,"ООО ""Вода Отечества""",Офис
55.794037,37.6921399,ФКУ Росавтодор. Узел связи и автоматизации,Офис
55.7912173,37.6890528,Инженерная служба района Сокольники,Офис
55.7923379,37.6950695,"Бизнес центр ""Фортуна""",Офис
55.7906377,37.6832147,Прокуратура ВАО Москвы,Офис
55.7906646,37.6832906,Департамент городского имущества города Москвы ВАО,Офис
55.7906942,37.6833805,Отдел государственной статистики ВАО,Офис
55.7893398,37.6818746,Управление по ВАО главного управления МЧС России по городу Москве,Офис
55.7886732,37.683421,Федеральная палата пожарно-спасательной отрасли,Офис
55.7884917,37.6830169,Совет депутатов муниципального округа Сокольники,Офис
55.7884843,37.683518,"НПО ""Пульс""",Офис
55.7883136,37.6825464,ВАО ГБУ Жилищник,Офис
55.7871065,37.6847994,Тихорецкий машиностроительный завод им. В. В. Воровского Московское представительство,Офис
55.7870884,37.6848695,"ООО ""Росток""",Офис
55.787071,37.684929,АНО Центр сертификации изделий медицинской оптики,Офис
55.7870526,37.6850084,УЗТС - Ульяновский завод тяжелых и уникальных станков (Московское представительство),Офис
55.7853087,37.6874119,ОДС 4,Офис
55.7851892,37.6876594,Совет ветеранов войны и труда №3,Офис
55.7849086,37.6880809,Центральная энергетическая таможня,Офис
55.7837675,37.6963087,Мировой судья судебного участка №297 района Соколиная Гора,Офис
55.7658693,37.6394284,Сургутнефтегаз,Офис
55.8024885,37.5838369,Гольфстрим,Офис
55.7565348,37.6435372,Импресарио,Офис
55.8034669,37.5843063,Иви,Офис
55.804097,37.584309,Национальное объединение внутренних аудиторов и контролеров,Офис
55.7777744,37.6034572,адвокат Соловьев Алексей Александрович,Офис
55.7743908,37.6306587,Нотариус Емельянова Г. В.,Офис
55.7731085,37.6188344,СоюзДорЭнерго,Офис
55.8003134,37.6394676,Фолдин,Офис
55.7543394,37.7100573,Отдел социальной защиты Лефортово,Офис
55.8001525,37.5924495,Techtrends HTC-ЭКО,Офис
55.7458887,37.6744713,Администрация северного морского пути,Офис
55.7479985,37.6603402,"ОДС № 9 ГБУ ""Жилищник Таганского района""",Офис
55.745657,37.7225366,АО «Российские космические системы»,Офис
55.7676702,37.6319128,Контрольно-счетная палата Московской области,Офис
55.720249,37.6306039,Буки веди,Офис
55.7574515,37.6503624,"ОДС № 20 ГБУ ""Жилищник Басманного района""",Офис
55.7319853,37.682042,Shtaine,Офис
55.7817993,37.6394085,Агентство по распространению зарубежных изданий,Офис
55.8020878,37.6401104,ГУП Моссвет,Офис
55.8020489,37.6411451,"Страховая группа ""Спасские ворота""",Офис
55.7975164,37.6321,Без названия,Офис
55.797906,37.6318692,"Торгметрострой ЗАО ""Томес""",Офис
55.7317276,37.5595055,ООО «ДекоЛайф»,Офис
55.806495,37.6234779,"АО НИИ ""Кулон""",Офис
55.8055604,37.6228051,ECP-Logistic,Офис
55.7862776,37.7088389,Siegenia,Офис
55.7986619,37.6959739,Новейшие технологии связи,Офис
55.7985248,37.6960186,"ООО Управляющая кампания ""Изумрудный Город""",Офис
55.7956173,37.694552,ОДС-5,Офис
55.7953425,37.6976148,"ООО ""ОЛиКС-строй""",Офис
55.7607272,37.6643541,Berloga,Офис
55.7589011,37.6646036,First National Consulting Group,Офис
55.7731985,37.5974021,Архитектурная Мастерская Николая Лызлова,Офис
55.803299,37.5554619,"ООО ""Энвибокс""",Офис
55.7721499,37.650938,Дирекция по ремонту тягового подвижного состава,Офис
55.772292,37.6497306,Трансэнерго,Офис
55.7720335,37.649911,Желдоручёт,Офис
55.8174687,37.6554493,PlayVista,Офис
55.7970592,37.6984355,"ОАО ""Манотомь""",Офис
55.7970085,37.6984975,Манометр сервис,Офис
55.7954353,37.6996636,ГБУ Жилищник. Единая диспетчерская служба,Офис
55.795473,37.6996033,Печатный двор,Офис
55.7958417,37.6983064,Межрайонная инспекция гостехнадзора города Москвы №3,Офис
55.7954897,37.6979513,"Бизнес центр ""На Стромынке""",Офис
55.7954121,37.6977672,Территориальное агентство по развитию предпринимательства по ВАО,Офис
55.7659764,37.662726,Фонд Елены Образцовой,Офис
55.715932,37.646558,ТвоёКино,Офис
55.7316424,37.5604122,Decolife,Офис
55.7875715,37.5862395,Ночлежка,Офис
55.7838061,37.6565882,Универмаг Мск,Офис
55.7581181,37.7333293,Брандтрейд,Офис
55.7786381,37.6518805,СДЭК,Офис
55.7578819,37.6052689,"Фонд ""Небесный мост""",Офис
55.7194599,37.6150979,Центральный банк Российской Федерации,Офис
55.7212526,37.5154405,Посольство Боснии и Герцеговины,Офис
55.721327,37.5153155,Посольство республики Руанда,Офис
55.7880173,37.6622473,Окей полиграфия,Офис
55.7951371,37.5159033,"ОДС № 1 ГБУ ""Жилищник района Сокол""",Офис
55.7836254,37.6303879,Роскосмос,Офис
55.7390787,37.6007379,Oxe Capital,Офис
55.7393958,37.604773,Европейский банк развития,Офис
55.7617202,37.5925434,Мезон,Офис
55.760611,37.592833,Резиденция посла Алжира,Офис
55.752977,37.6646224,Amorim Flooring Rus,Офис
55.7096636,37.6164633,Biomag,Офис
55.777694,37.6490039,NetDolgov.org,Офис
55.7441971,37.627278,Альфавита,Офис
55.822789,37.6198367,MrCable,Офис
55.7859688,37.6604805,Мистер Бош,Офис
55.7654927,37.6641668,Союз маркшейдеров России,Офис
55.7658595,37.6628856,Союз реставраторов России,Офис
55.7668531,37.6544956,Центр медицинской инспекции,Офис
55.7861252,37.6604233,MrArito,Офис
55.8120372,37.636468,Корпорация Ремонтов,Офис
55.7591569,37.635629,Лексгарант,Офис
55.7382307,37.5216258,"Инженерная служба ГБУ ""Жилищник района Дорогомилово""",Офис
55.7135713,37.6062965,ОДС,Офис
55.7311576,37.5838357,Банкрот-консалтинг,Офис
55.7318447,37.5818913,Бюро Экос,Офис
55.7290881,37.5703318,Офисный центр П13,Офис
55.77168,37.6337643,TUI,Офис
55.7700981,37.6361216,Аудит Консалт XXI,Офис
55.7694845,37.6292295,"АО ""АФК ""Черноземье""",Офис
55.8144571,37.6046317,Яндекс Про Центр для водителей,Офис
55.7622672,37.6615462,Gogol-school,Офис
55.7447345,37.4942282,Рустест-М,Офис
55.8174532,37.6131141,"ГБУ ""Озеленение""",Офис
55.8128727,37.5760826,Росреестр,Офис
55.7545785,37.6067698,Моспром,Офис
55.7827948,37.6644018,СДЭК,Офис
55.7364005,37.6198804,Отделение по вопросам миграции ОМВД России по району Якиманка г. Москвы,Офис
55.7790442,37.6335295,Rocketdata,Офис
55.739355,37.614136,Эдас,Офис
55.7441314,37.5417182,Московская юридическая компания,Офис
55.712527,37.686823,Полизнак,Офис
55.7441314,37.5416645,Династия Прайд,Офис
55.7864692,37.7191892,Университет БРИКС,Университет
55.7863878,37.7184704,Медиана-фильтр,Офис
55.796026,37.7071702,ЗАО Трест Мосремстроймонтаж,Офис
55.7961089,37.7071635,"АО ЦНИИ ""Буревестник"" Московский филиал",Офис
55.7431698,37.5770124,Балт Бизнес Брокер,Офис
55.761782,37.6214374,Kuznetski Most 12,Офис
55.7618968,37.6250584,Приемная Федеральной службы безопасности РФ,Офис
55.7556712,37.7340299,Кибер-Инструмент,Офис
55.7976622,37.5319925,Институт авиационного приборостроения «Навигатор»,Офис
55.7614297,37.6343644,"ООО ""Бизнеспроф""",Офис
55.7614591,37.6344274,Юта,Офис
55.761438,37.6344046,Модельная школа Анны Айс,Офис
55.7988083,37.5699202,Центр морского права,Офис
55.7922278,37.6010927,Инженерная служба района Марьина Роща,Офис
55.7921149,37.601109,Пункт оповещения №17 Участок оповещения №5,Офис
55.792342,37.6016251,Моя работа. Центр занятости населения города Москвы,Офис
55.7904071,37.6053025,МИИТ Учебный центр подготовки специалистов в области транспортной безопасности,Офис
55.8064965,37.5875766,АО Молодая гвардия,Офис
55.805849,37.5925396,4S,Офис
55.811443,37.6248389,Информавтодор,Офис
55.8114261,37.6248725,Дороги России,Офис
55.8072052,37.629694,Альта Софт,Офис
55.8064947,37.6537443,БЛ Групп,Офис
55.757336,37.6399031,Alexander Volkov architects,Офис
55.7572311,37.6406206,Московский Союз художников,Офис
55.7737278,37.6089692,Ingrad,Офис
55.7174921,37.6600934,Без названия,Офис
55.7580076,37.6016307,SDR-Group,Офис
55.7753435,37.6656631,Московская дирекция по тепловодоснабжению РЖД,Офис
55.7749996,37.6658508,Московская химико-техническая лаборатория РЖД,Офис
55.774028,37.6649147,Железнодорожная торговая компания. Московский филиал,Офис
55.7722192,37.6604515,Промтехвзрыв,Офис
55.7427492,37.527248,Forte Group,Офис
55.826028,37.626285,Настенька,Офис
55.7457385,37.6281899,Миал-С,Офис
55.7843902,37.6706412,Оборонэнерго,Офис
55.7793901,37.6676895,Альта форум,Офис
55.7760767,37.6697253,"ИДПО ""Таможпромсоцбизнес""",Офис
55.7763279,37.6692773,МОЭК-Проект,Офис
55.7819384,37.6702456,Инспекция по проведению плановых проверок и целевых обследований,Офис
55.8052169,37.5267242,zaycev.net,Офис
55.7794725,37.6523515,ЭМСК,Офис
55.7769698,37.5788024,Правильные люди,Офис
55.78034,37.6964342,Сваи Сервис,Офис
55.8008079,37.5546177,MSK-IX,Офис
55.7817457,37.5810428,Работа.ру,Офис
55.7871207,37.5861698,ФГУП Издательство Известия управления делами президента РФ,Офис
55.7888636,37.5864693,"Издательский дом ""Панорама""",Офис
55.7738727,37.6724316,Спецжелезобетонстрой,Офис
55.7740688,37.6699036,ФертиХелп,Офис
55.780599,37.654156,Московско-Ярославская транспортная прокуратура,Офис
55.7834301,37.6513739,Филиал ОАО РЖД Центральная дирекция пассажирских обустройств,Офис
55.784599,37.6542746,Технический центр автоматики и телемеханики,Офис
55.7836263,37.6568449,"Редакция журнала ""Защита и карантин растений""",Офис
55.7826982,37.6578007,Профсоюз сотрудников Московской железной дороги,Офис
55.7827515,37.6531371,Территориальное управление Октябрьской железной дороги,Офис
55.773905,37.6725084,"ГБУ Жилищник Басманного района, ОДС-6",Офис
55.775104,37.6600046,Московское железнодорожное агентство,Офис
55.7736927,37.6650671,ООО РЖД-охрана,Офис
55.772108,37.6596444,"ОДС-6 ГБУ ""Жилищник Красносельского района""",Офис
55.7721809,37.6596515,Тоннельная ассоциация России,Офис
55.7721983,37.6606813,ООО Колумб РУ,Офис
55.7671939,37.6575047,"ЗАО ""Мик-Информ""",Офис
55.7672048,37.6575577,АО РЖД Логистика,Офис
55.7672143,37.6576038,ПАО Моспромтранспроект,Офис
55.7668106,37.6578816,Центр фирменного транспортного обслуживания,Офис
55.7664771,37.6578895,Дирекция тяги,Офис
55.7662466,37.6579871,Министерство транспорта Российской федерации,Офис
55.7741095,37.5819379,"Участок № 3 ГБУ ""Жилищник Пресненского района""",Офис
55.7351227,37.6145325,Посольство Республики Южный Судан,Офис
55.7958811,37.699038,Адвокатский кабинет №801,Офис
55.7958326,37.699018,ЗАО Объединенный Проектный Институт Гипрохиммонтаж,Офис
55.7958023,37.6991474,Жилищная инспекция по ВАО Москвы,Офис
55.7957668,37.6991936,Дирекция заказчика жилищно-коммунального хозяйства и благоустройства ВАО,Офис
55.7957356,37.6992337,ООО МВК Сервиспроект,Офис
55.7906265,37.7123114,ГУП Мосводосток ЭГТР-3,Офис
55.7959867,37.7071842,"ФГКУ ""УВО ВНГ России по городу Москве""",Офис
55.7971813,37.5503683,Совет ветеранов войн и военной службы Военно-Воздушных сил,Офис
55.7704284,37.5923283,Мосинжпроект,Офис
55.731654,37.6359209,Метрогипротранс,Офис
55.7680187,37.5736257,"ОДС № 2 ГБУ ""Жилищник Пресненского района""",Офис
55.7296703,37.6353219,Вертолёты России,Офис
55.7295554,37.6324761,"Местная районная организация ""Замосковречье""",Офис
55.7271697,37.6389469,Управлением Федеральной службы по надзору в сфере защиты прав потребителей и благополучия человека по железнодорожному транспорту,Офис
55.7270693,37.638967,Центр гигиены и эпидемиологии по железнодорожному транспорту,Офис
55.7266615,37.6389469,Национальный институт дизайна,Университет
55.8024825,37.6935098,Институт Махон Хамеш,Университет
55.7147791,37.6773655,Градиентех,Офис
55.7921726,37.7095564,Zetta страхование,Офис
55.7925563,37.709968,Новый регистратор,Офис
55.8064139,37.7055636,Межгосударственная телерадиокомпания «Мир»,Офис
55.787635,37.6362929,Управление социальной защиты населения Центрального административного округа,Офис
55.7024851,37.6767379,ПРОконтроль,Офис
55.7987447,37.5712252,Федерация дзюдо Москвы,Офис
55.7294251,37.6345714,Объединенная авиастроительная корпорация,Офис
55.7857704,37.6604805,Amway,Офис
55.763894,37.5640301,Без названия,Офис
55.7826256,37.7233818,Эксперт Банкрот,Офис
55.8120783,37.6363478,Эксперт Банкрот,Офис
55.8031595,37.5836396,Эксперт Банкрот,Офис
55.7641951,37.5653189,"ОДС № 8 ГБУ ""Жилищник Пресненского района""",Офис
55.7628233,37.5700128,Фонд развития цифровой экономики,Офис
55.7626845,37.5688729,О. В. Конина,Офис
55.7770128,37.6753485,Сплайн,Офис
55.7750079,37.6803441,АО «Ирмаст-Холдинг»,Офис
55.7750479,37.6803803,Центроргтрудавтотранс,Офис
55.7802876,37.6866929,Стогруз,Офис
55.7781419,37.6824617,"ЗАО ""Мягкая тара-2""",Офис
55.7815619,37.6970584,"Главное управление ПФР № 10 по г. Москве и Московской области. Управление назначения, перерасчета, выплаты пенсий, ЕДВ и других социальных выплат",Офис
55.7851353,37.6394016,"ОДС № 7 ГБУ ""Жилищник Мещанского района""",Офис
55.736604,37.718084,Проектстройсервис,Офис
55.7276554,37.6451495,ТБН,Офис
55.7283532,37.6447794,Евразийская экономическая комиссия,Офис
55.8084036,37.5871052,Шраубен М.У.Н.,Офис
55.8084895,37.586216,Fotolab,Офис
55.8076439,37.586967,Детская литература,Офис
55.7595802,37.6371942,Новый Мир,Офис
55.7266942,37.6449254,Буровая техника ВНИИБТ,Офис
55.724342,37.6432631,Росатом,Офис
55.8119456,37.6040554,ABC,Офис
55.7924034,37.569931,Совет ветеранов,Офис
55.7822877,37.6739873,Московский драматический театр художественной публицистики,Офис
55.7819935,37.6741187,"Центр по работе с населением ЦАО города Москвы, филиал ""Красносельский""",Офис
55.7835297,37.6770759,Билайн,Офис
55.7797514,37.6689367,ГБУ «Жилищник Красносельского района»,Офис
55.7799935,37.6694047,"Отдел жилищных субсидий ""Красносельский""",Офис
55.7798992,37.669571,ГБУ «Жилищник Красносельского района»,Офис
55.7818751,37.6739417,Отдел лицензионно-разрешительной работы по центральному административному округу г. Москвы,Офис
55.7704585,37.668997,"Административно-техническая инспекция по центральному-административному округу, отдел ""Басманный""",Офис
55.7704524,37.6688603,Дирекция заказчика Жилищно-коммунального хозяйства и благоустройства ЦАО,Офис
55.7685264,37.6562257,"Клиентская служба ""Басманный""",Офис
55.7691933,37.657595,Желдоррассчет,Офис
55.7660503,37.6415782,Федеральная служба по труду и занятости,Офис
55.7659681,37.6448625,"Дворец бракосочетания № 1 ""Грибоедовский""",Офис
55.7916147,37.5856233,Научно-исследовательский институт судебной экспертизы,Офис
55.7947707,37.5716825,"Управляющая компания ""Ивушка""",Офис
55.7827681,37.6701102,"ГКУ""Инженерная служба Красносельского района""",Офис
55.7828103,37.670019,"ОДС № 8 ГБУ ""Жилищник Красносельского района""",Офис
55.7672673,37.6431057,Аргументы и факты,Офис
55.7705191,37.6327039,Правое дело,Офис
55.7265317,37.6272886,Дипломат-Консалтинг,Офис
55.776079,37.6326545,Дирекция образовательных программ в сфере культуры и и скусства,Офис
55.7824016,37.5938442,"Участок № 10 ГБУ ""Жилищник района Тверской""",Офис
55.7765903,37.676045,Урал Ресурс,Офис
55.780397,37.6642911,Совет ветеранов,Офис
55.7469164,37.539088,Российский фонд прямых инвестиций,Офис
55.812449,37.5762624,Отдел социальной защиты населения Тимирязевского района,Офис
55.8113631,37.5771099,Совет ветеранов первичной организации №6 района Тимирязевский САО,Офис
55.8113197,37.5768878,Климби,Офис
55.8114091,37.5768149,"""Жилищник"" Тимирязевского района",Офис
55.819871,37.6183194,АПМ-1,Офис
55.8198921,37.6183194,City service,Офис
55.704523,37.598368,Kupribrow,Офис
55.782646,37.598761,Агентство недвижимости Ивановой Дарии,Офис
55.7960041,37.6509243,Транс Трек-ДВ,Офис
55.7431462,37.6273933,Аналитический центр Минсельхоза России,Офис
55.7776056,37.6041238,Спецремкомплект,Офис
55.8174871,37.5736472,Без названия,Офис
55.7095744,37.6138997,Steel heart,Офис
55.7479515,37.6914444,Cuteam,Офис
55.7787392,37.6468648,Трансэнерго,Офис
55.799891,37.5308847,Научно-исследовательский кинофотоинститут,Офис
55.7823744,37.6452173,Дирекция скоростного сообщения,Офис
55.7883634,37.6407614,Инспекция водных ресурсов,Офис
55.7823812,37.6452515,Дирекция специальных перевозок,Офис
55.7100611,37.6184055,Кристон-кадастр,Офис
55.8175446,37.6559376,Click-Express,Офис
55.688977,37.5713169,СДЭК,Офис
55.7647883,37.5557467,"ОАО НПО ""Родина""",Офис
55.7795484,37.7070966,СДЭК,Офис
55.7936459,37.69458,Российский государственный социальный университет,Университет
55.7052524,37.6209509,РЕСО-Мед,Офис
55.7132021,37.6286466,Без названия,Офис
55.7828043,37.6559521,Трансмобильность,Офис
55.7904686,37.6602745,Без названия,Офис
55.7831708,37.6612428,Объединённый экзаминационный центр Кембриджского универститета,Офис
55.8073817,37.6256365,Bask,Офис
55.806625,37.629008,Особое конструкторское бюро средств автоматизации,Офис
55.8071488,37.6298019,"ооо ""интернет для каждого""",Офис
55.8070975,37.6299039,Куппер,Офис
55.8070433,37.6298355,"ПАО ""Калибр""",Офис
55.8046186,37.6295015,Международный славянский институт,Университет
55.8047513,37.6287425,Интехника,Офис
55.8046601,37.6285815,Derren,Офис
55.7590158,37.7338743,АМК Групп,Офис
55.8071638,37.6168998,Новая изба,Офис
55.8061238,37.5906792,IBS,Офис
55.7584151,37.7320759,Без названия,Офис
55.7519438,37.6412798,Управление по вопросам миграции,Офис
55.7785793,37.6497857,Контора дорожного мастера,Офис
55.7672047,37.6511241,Ростоппром,Офис
55.7752628,37.650699,"Московский проектно-изыскательный институт ""Мосжелдорпроект""",Офис
55.767563,37.6472296,Streetbasket,Офис
55.7675887,37.6472081,Российская федерация баскетбола,Офис
55.7703883,37.6493298,Совет ветеранов,Офис
55.7680104,37.6475045,Управление по безопасности крупных международных и массовых спортивных мероприятий,Офис
55.7095013,37.5860711,"Стоянов, Соколов и партнеры",Офис
55.7090758,37.5785456,Представительство Кузбасса при правительстве Российской Федерации,Офис
55.7760858,37.6475555,Главное управление по обслуживанию дипломатического корпуса при Министерстве иностранных дел Российской Федерации,Офис
55.7732601,37.6522078,Департамент управления дочерними и зависимыми обществами,Офис
55.7720819,37.6513897,Информтехника,Офис
55.7721467,37.6504737,"Научно-исследовательский и проектно-конструкторский институт информатизации, автоматизации и связи на железнодорожном транспорте",Офис
55.759965,37.5783373,БКС Ультима,Офис
55.7715757,37.6477801,Фонд социального страхования Российской Федерации,Офис
55.7715644,37.6471049,Управление служебными зданиями,Офис
55.7643819,37.5633197,Централизованная бухгалтерия №1 ЦОУО,Офис
55.7223035,37.678476,Стекольная компания,Офис
55.7581869,37.6824049,Компания по установке натяжных потолков,Офис
55.7496789,37.5376117,Империя радости,Офис
55.7463499,37.6822177,Гильдия Инженеров,Офис
55.7496304,37.5379148,Headway,Офис
55.7626045,37.6575226,Банкрот-Сервис,Офис
55.7586355,37.5511944,Строймаксимум,Офис
55.77052,37.6063019,Адвокатское бюро «Казаков и Партнёры»,Офис
55.7262295,37.6810509,РЕСО-Гарантия,Офис
55.7819128,37.634253,МТС,Офис
55.7369993,37.6236221,Psycho Place,Офис
55.741625,37.6258443,Psycho Place,Офис
55.7246767,37.5735654,"АО ""Авиасалон""",Офис
55.704464,37.6536768,Приёмная депутата Паниной Елены Владимировны,Офис
55.7925526,37.5281945,ООО «ЗВИ»,Офис
55.7259087,37.5854494,Следственный комитет Российской Федерации,Офис
55.7897576,37.5455376,Алмазная палата России,Офис
55.8007872,37.5778127,Торговый комплекс «Вятский»,Офис
55.7472063,37.6305085,Политехресурс,Офис
55.7535519,37.5812134,Ассоциация экономического сотрудничества со странами Африки,Офис
55.7556199,37.5846443,Freedom international group,Офис
55.7733525,37.5440175,Научно-исследовательский клинический институт отолорингологии им Л. И. Свержевского,Офис
55.8031496,37.5550058,Билайн,Офис
55.784667,37.579127,Группа компаний ДУКС,Офис
55.7824,37.5821163,Dr. Web,Офис
55.7973008,37.5784537,Пятёрочка,Офис
55.7734146,37.6312523,ARO group,Офис
55.7674478,37.6290314,Военный комиссариат Останкинского района северо-восточного административного округа города Москвы,Офис
55.7880513,37.7305967,Московский спорт,Офис
55.7641268,37.6422527,Роскадастр,Офис
55.7637846,37.526679,ФС-Групп,Офис
55.7272974,37.6099133,Школа-студия Шаталова-Лысенковой,Офис
55.7093341,37.6544675,Хобби-Экспресс,Офис
55.7543188,37.5121146,Kibrology,Офис
55.7765775,37.6790071,Gartel,Офис
55.7640819,37.5791135,Адвокатский кабинет Шутовой Н.В.,Офис
55.7817373,37.6766719,Общество охотников и рыболовов восточного административного округа,Офис
55.7766356,37.6435281,Ароса,Офис
55.693597,37.6655745,SberAutoTech,Офис
55.7964096,37.7080402,СДЭК,Офис
55.7691171,37.640805,АО Авиационная промышленность,Офис
55.7834732,37.6320375,Главкосмос,Офис
55.7892215,37.6327631,"Научно-исследовательский институт природных, синтетических алмазов и инструмента",Офис
55.7655924,37.6406032,Силтэк,Офис
55.7697388,37.6366771,Персона,Офис
55.768755,37.6405154,Нотариус Гончаров Ф. Ю.,Офис
55.7695441,37.6406139,СОГАЗ-Жизнь,Офис
55.7658896,37.6557375,ОДС-8,Офис
55.7689089,37.6447472,Парламентское собрание союза Белоруси и России,Офис
55.7698821,37.6439881,Министерство транспорта РФ,Офис
55.7695909,37.6450892,Федеральный центр нормирования,Офис
55.7698006,37.6488993,ОДС №1000,Офис
55.7715244,37.6522091,Центр фирменного транспортного обслуживания ржд,Офис
55.7077128,37.6206306,Согласие,Офис
55.7791667,37.6071907,Согласие,Офис
55.8241808,37.6344316,Согласие,Офис
55.7640491,37.5576914,Согласие,Офис
55.7746767,37.7061027,ОДС №17,Офис
55.7406593,37.6575702,Согласие,Офис
55.724646,37.6426586,Согласие,Офис
55.7691624,37.6529454,Отдел по работе с обращениями граждан,Офис
55.7690413,37.6549248,Отдел служебных билетов,Офис
55.7897927,37.6786778,Согласие,Офис
55.7021053,37.6948577,Согласие,Офис
55.7826864,37.7049984,Согласие,Офис
55.7817518,37.5346153,Согласие,Офис
55.7605011,37.5997636,Согласие,Офис
55.7422988,37.5568889,Согласие,Офис
55.7742717,37.6481132,Согласие,Офис
55.7998111,37.5753853,"Инженерная служба района ""Савеовский""",Офис
55.7998487,37.5753906,"ГБУ ""Жилищник Савеловского района""",Офис
55.7975805,37.5689694,Пункт оповещения №4,Офис
55.7975827,37.5690834,Совет ветеранов первичной организации №3 района Савеловский САО г. Москвы,Офис
55.7975948,37.5690204,"ГБУ ""Жилищник Савеловского района""",Офис
55.8029589,37.5725904,Авиационно-космическое научно-исследовательское испытательное производственное объединение,Офис
55.8121491,37.6353943,Бюджеткин,Офис
55.7729116,37.5769034,Якушенко Е. А.,Офис
55.8003206,37.5388697,Авиационно-космическое научно-исследовательское испытательное производственное объединение,Офис
55.8059135,37.5501215,"АО ""ДХЛ интернешнл""",Офис
55.7404132,37.6617042,Московская областная коллегия адвокатов №7,Офис
55.7636337,37.682392,Московский художественно-промышленный институт,Университет
55.8032521,37.5824395,Paker и Waterman,Офис
55.7865401,37.5604896,"Социальный фонд России - клиентская служба Беговой, Хорошевский",Офис
55.7751934,37.5521748,ОДС № 1245,Офис
55.7482476,37.6223454,Российский государственный архив новейшей истории,Офис
55.7760812,37.6777777,Ашробот,Офис
55.7290804,37.6339124,"Департамент информационных технологий, связи и защиты информации МВД России",Офис
55.7698345,37.6341284,Всероссийское общество глухих. Московское городское правление,Офис
55.8043623,37.5861275,СИОР,Офис
55.7205602,37.6360864,Цифровые Технологии,Офис
55.7091014,37.6540197,Центр Бытовых Услуг,Офис
55.7565738,37.6063728,Коллегия Правовой Поддержки,Офис
55.7234215,37.6538678,Royal Preschool Education,Офис
55.7795794,37.6677632,"Департамент по делам гражданской обороны, чрезвычайным ситуациям и пожарной безопасности города Москвы",Офис
55.7795206,37.6676466,"АО ""СМНУ-Связь""",Офис
55.740674,37.6576916,TezTour,Офис
55.7408971,37.657739,Билайн,Офис
55.7412155,37.6581931,TUI,Офис
55.7411686,37.658588,Coral Travel,Офис
55.7411931,37.6583956,Pegas Touristik,Офис
55.7413415,37.6586905,1001ТУР,Офис
55.7408463,37.6577752,Мостурфлот,Офис
55.7289452,37.620441,X5 Group,Офис
55.7594575,37.6456911,APRELarchitects,Офис
55.7040694,37.6686873,Согаз-мед,Офис
55.7726982,37.5488274,Расчетно-кассовый центр Центрального банка РФ,Офис
55.7766741,37.5540563,Агентство по закупкам (контрактная служба) Департамента здравоохранения города Москвы,Офис
55.7597951,37.744504,ТехМашПоставка,Офис
55.742651,37.6061502,Главное производственно-коммерческое управление по обслуживанию дипломатического корпуса,Офис
55.7392335,37.6663638,Без названия,Офис
55.7387372,37.6670838,Без названия,Офис
55.7389548,37.6649064,Адвокатская контора №10,Офис
55.7384032,37.6645512,Таганский детский фонд,Офис
55.7390927,37.6672873,Городской центр профессионального и карьерного развития,Офис
55.7351095,37.6680081,"ГБУ ""Центр по работе с населением ЦАО"". Филиал ""Перекрёсток""",Офис
55.7828359,37.6580107,Московско-Курское территориальное управление Московской железной дороги,Офис
55.7465748,37.5599251,БКС Мир инвестиций,Офис
55.787231,37.634373,БКС Мир инвестиций,Офис
55.7093448,37.620838,БКС Мир инвестиций,Офис
55.7311458,37.6350885,БКС Мир инвестиций,Офис
55.7801481,37.5995171,БКС Мир инвестиций,Офис
55.7471757,37.5835231,Элероз,Офис
55.75665,37.5635633,Ингосстрах,Офис
55.7347582,37.6652795,Ингосстрах,Офис
55.7487835,37.5439551,Ингосстрах,Офис
55.7833171,37.6387738,Ингосстрах,Офис
55.779859,37.599372,Ингосстрах,Офис
55.7327251,37.7124589,Ингосстрах,Офис
55.784195,37.566357,Ингосстрах,Офис
55.8052833,37.7089137,Ингосстрах,Офис
55.767726,37.5661369,Ингосстрах,Офис
55.7766031,37.6880622,Ингосстрах,Офис
55.7076609,37.5886884,Без названия,Офис
55.7717994,37.5912805,Моспромпроект,Офис
55.7693586,37.672897,Мосэнергопроект,Офис
55.7733447,37.6219669,Psycho Place,Офис
55.7085491,37.6691104,Старт-1,Офис
55.7228529,37.6172594,Фундамент,Офис
55.7949117,37.7088265,Следственное управление по Восточному административному округу,Офис
55.8100496,37.6335168,Центр гигиены и эпидемиологии в городе Москве,Офис
55.6917322,37.6609993,ООО «МТС ДИДЖИТАЛ»,Офис
55.7178742,37.6465791,СДЭК,Офис
55.7153238,37.6181357,Верум,Офис
55.7390586,37.657351,Нагиев и Партнёры,Офис
55.7394384,37.6580194,Без названия,Офис
55.8048025,37.6424405,"ООО ""Вектор""",Офис
55.8156832,37.5732274,Институт искусства реставрации,Университет
55.8155423,37.5731751,Мостранспроект,Офис
55.7420236,37.6282489,Институт социально-экономических и политических исследований,Офис
55.7094729,37.6527763,Многогруз,Офис
55.7547717,37.5738054,Правительство Российской Федерации,Офис
55.8024312,37.6382992,Центр гигиены и эпидемиологии в городе Москве,Офис
55.7108341,37.6633487,Rep-In,Офис
55.7102227,37.6632428,РЕСО-Гарантия,Офис
55.7099217,37.6571304,Кашурин Юрий Николаевич,Офис
55.7089956,37.6584736,Tradition Club,Офис
55.7074787,37.660209,Луговский Александр Александрович,Офис
55.7183354,37.5610139,Stage Entertainment,Офис
55.7605019,37.6227379,Хоровой театр Бориса Певзнера,Офис
55.7713192,37.6480396,Объединенная зерновая компания,Офис
55.7684917,37.6443744,Росфинмониторинг,Офис
55.7878271,37.6227783,Гражданское содействие,Офис
55.7456351,37.6754089,Единый заказчик в сфере строительства,Офис
55.7456487,37.6755993,"ФГУП ""Росгосэкспертиза""",Офис
55.7458978,37.6747316,Управление Роскомнадзора по Центральному федеральному округу,Офис
55.7457657,37.6727656,Женщины Бизнеса,Офис
55.7408875,37.5245199,ООО «ОКС»,Офис
55.7425091,37.5305843,Сбербанк,Офис
55.7333105,37.5920207,Институт Конфуция,Офис
55.7591546,37.650345,Чё за Квест,Офис
55.7812986,37.6339665,МегаФон,Офис
55.7826729,37.634655,Посольство Замбии,Офис
55.7444121,37.6632549,Skyeng,Офис
55.7618388,37.5585212,Студия Артемия Лебедева,Офис
55.7903801,37.6826731,"УК ""Дома Москвы""",Офис
55.7617783,37.5737377,Пресненская межрайонная прокуратура,Офис
55.7375081,37.5329246,БИИКС,Офис
55.7755414,37.6910268,Московская административно-дорожная инспекция,Офис
55.7759617,37.6929078,ОДС-16,Офис
55.8215782,37.6669465,Прокуратура ВАО Москвы,Офис
55.7929296,37.591556,Хелп Консалтинг,Офис
55.7391269,37.5713351,Uzman,Офис
55.7681643,37.6346487,Либерально-демократическая партия России,Офис
55.7495319,37.5341666,"Центр развития ""Среда возможностей""",Офис
55.7398001,37.6565861,Правовед,Офис
55.7398953,37.6567476,Без названия,Офис
55.7440883,37.5954187,Представительство Вологодской области,Офис
55.7684408,37.6576663,Ауком,Офис
55.6952236,37.5628754,Frame Bakery,Офис
55.7384593,37.6589914,Ай Ти Оценка,Офис
55.7368303,37.6594886,Жилищник Таганского района,Офис
55.7368767,37.6601237,Отдел социальной защиты населения Таганского района,Офис
55.7368063,37.6599602,Совет депутатов,Офис
55.7384783,37.6589333,ЦМК-ТУР,Офис
55.7367106,37.6597043,"Отдел жилищных субсидий ""Таганский""",Офис
55.7367262,37.6594929,АНО ДПО Московская Высшая Школа Экономики,Университет
55.7659482,37.6472796,Стратегия ЗИП,Офис
55.7170995,37.6241662,Световое проектирование,Офис
55.7169667,37.6237691,МАКА,Офис
55.7429245,37.7174873,Сбер-Сервис,Офис
55.7690394,37.6044242,Шайкевич М. Л.,Офис
55.7298416,37.6381463,Экспресс-Л,Офис
55.7805766,37.6337235,Kelly Services,Офис
55.7286597,37.6171354,Посольство Буркина-Фасо,Офис
55.7580204,37.6459336,посольство Доминиканской Республики,Офис
55.7286477,37.6174471,Посольство Гамбии,Офис
55.7273739,37.6164375,посольство Гондураса,Офис
55.8142628,37.5639376,Совет ветеранов,Офис
55.736812,37.6595268,Следственное управление по центральному административному округу,Офис
55.7369737,37.6603132,5 региональный отдел надзорной деятельности и профилактической работы Управления по ЦАО Главного управления МСЧ России по г.Москве,Офис
55.7369463,37.6602469,Совет Ветеранов Таганского Района,Офис
55.7370253,37.6604049,Территориальная избирательная комиссия Таганского района,Офис
55.7467393,37.5910071,Axioma GIS,Офис
55.7040522,37.6902385,Южнопортовый,Офис
55.7140691,37.5931577,Посольство Панамы,Офис
55.7415884,37.6013759,Pravo.ru,Офис
55.7286508,37.6177087,посольство Сенегала,Офис
55.7273299,37.6156979,Посольство Уругвая,Офис
55.7102861,37.5902045,Роскачество,Офис
55.7608011,37.6350014,Мосгорсвет,Офис
55.7709609,37.6293211,Радиум,Офис
55.7397195,37.5885563,Всероссийский центр изучения общественного мнения,Офис
55.7050682,37.6530322,Московская объединенная энергетическая компания,Офис
55.7668395,37.6004622,Сенат,Офис
55.743271,37.4989489,T2,Офис
55.7433667,37.498853,МегаФон,Офис
55.7478681,37.5391249,Wellside,Офис
55.7426374,37.5278994,Элемент Лизинг,Офис
55.7811142,37.5997545,Psycho Place,Офис
55.7408324,37.6598159,Мигрон,Офис
55.8004412,37.6367381,"ООО ""Технол""",Офис
55.7635729,37.6844269,ЦНИИчермет им. И.П.Бардина,Офис
55.797444,37.6508465,Эрдиан кар сервис,Офис
55.7973053,37.6509619,Центр управления телекоммуникационными ресурсами.,Офис
55.7651714,37.682223,Центральная бухгалтерия МГТУ им. Баумана,Офис
55.7679418,37.686249,Российскй государственный архив фотодокументов,Офис
55.7826135,37.6645634,Московско-Окское бассейновое водное управление,Офис
55.7717907,37.6436381,ФГУП Президент сервис,Офис
55.7104826,37.6548243,Абсолют Страхование,Офис
55.7938343,37.6964655,НПО Геофизика-НВ,Офис
55.7910877,37.6700203,Dream catchers,Офис
55.7969599,37.6519853,Материальный склад ст. Москва-3,Офис
55.7797374,37.7117521,FP models,Офис
55.7596532,37.6312265,Psycho Place,Офис
55.7733205,37.6443435,Федеральный центр оценки безопасности и качества зерна и продуктов его переработки,Офис
55.7730987,37.6437977,ГлавУпДК при МИД России,Офис
55.7585448,37.6295191,Сервисный центр Московский транспорт,Офис
55.7160794,37.6195251,Samokhin group,Офис
55.7622411,37.5700743,Familia,Офис
55.7921877,37.5406936,Ферон,Офис
55.7656037,37.6357028,Паралимпийский комитет России,Офис
55.7652921,37.6779771,Проектно-конструкторско-технологическое бюро по нормированию материально-технических ресурсов,Офис
55.8076186,37.6919003,"АО ""Воентелеком""",Офис
55.8090642,37.5739396,Управление градостроительного регулирования Северного административного округа г. Москвы,Офис
55.8086207,37.5709342,Овионт-информ,Офис
55.7226447,37.6228412,Visa Fly,Офис
55.7527865,37.6678442,Unic Lab,Офис
55.7470701,37.5363067,Деметра-Холдинг,Офис
55.8180862,37.569187,Юнайтед Норд,Офис
55.7366,37.5227,Администрация муниципального округа Дорогомилово,Офис
55.7382,37.4949,Аппарат Совета депутатов муниципального округа Филевский парк,Офис
55.7953919,37.6919796,ТрансКонтейнер,Офис
55.7895752,37.6964481,Домовёнок,Офис
55.7915701,37.61016,Научно-технический центр «Орион»,Офис
55.7926146,37.6107297,Научно-технический центр «Атлас»,Офис
55.7990044,37.6954852,Сеоклаб,Офис
55.7771809,37.5861243,Coalco,Офис
55.793682,37.5900838,МТС,Офис
55.7047597,37.6850957,МТС,Офис
55.7573798,37.6594698,МТС,Офис
55.7068422,37.5917333,МТС,Офис
55.7090289,37.6208675,МТС,Офис
55.7774359,37.522999,МТС,Офис
55.7085906,37.6565301,МТС,Офис
55.7434769,37.5077909,МТС,Офис
55.7047277,37.642217,МТС,Офис
55.6903164,37.6017755,МТС,Офис
55.7087236,37.6218572,МТС,Офис
55.7446228,37.5659546,МТС,Офис
55.790621,37.558195,МТС,Офис
55.7895828,37.5334316,МТС,Офис
55.7500508,37.5420346,МТС,Офис
55.744496,37.5663489,МТС,Офис
55.7473644,37.7071971,МТС,Офис
55.7826082,37.7209595,МТС,Офис
55.743261,37.4990577,МТС,Офис
55.7782113,37.5210598,МТС,Офис
55.7972797,37.7171293,МТС,Офис
55.7759515,37.6604408,МТС,Офис
55.8068254,37.6377332,МТС,Офис
55.7186386,37.6765823,МТС,Офис
55.824102,37.6345253,МТС,Офис
55.7720773,37.6784679,МТС,Офис
55.728256,37.58031,МТС,Офис
55.7457646,37.6283173,Точка,Офис
55.7994673,37.5376359,Фазотрон-НИИР,Офис
55.7692333,37.5834373,Ингосстрах,Офис
55.7865311,37.6787603,Ингосстрах,Офис
55.7947903,37.6541403,Главное управление обустройства войск,Офис
55.8140257,37.5765476,Литера Про,Офис
55.7345634,37.6331815,Русская факторинговая компания,Офис
55.7357534,37.6348284,Gaskar Group,Офис
55.7422765,37.5600538,Росгосстрах,Офис
55.7931431,37.6226365,Росгосстрах,Офис
55.705342,37.5499174,Институт экономической безопасности,Университет
55.8129855,37.5720459,Федеральное бюро медико-социальной экспертизы по г. Москве. Филиал №45,Офис
55.8117135,37.5730062,Адвокатская контора,Офис
55.812352,37.5736251,"""Жилищник"" Тимирязевского района. ОДФ №5",Офис
55.8116035,37.5748166,"Отдел жилищных субсидий ""Тимирязевский""",Офис
55.7088162,37.5682428,Федеральный исследовательский центр химической физики им. Н.Н. Семёнова РАН,Офис
55.7077484,37.5699291,Домион,Офис
55.7509248,37.5255186,МСК Энерго,Офис
55.786513,37.7279359,КРЭТ Аэроприбор-Восход,Офис
55.7815493,37.698795,ПромЭлектроАвтоматика,Офис
55.7867995,37.7313477,Московский олимпийский центр водного спорта,Офис
55.7171969,37.5931286,Жилищник Донского района,Офис
55.764762,37.701345,Билайн,Офис
55.7085695,37.6218197,Билайн,Офис
55.7770935,37.5242972,Билайн,Офис
55.7613631,37.5707489,БКС Мир инвестиций,Офис
55.7381167,37.6618777,БКС Мир инвестиций,Офис
55.704733,37.6850698,Билайн,Офис
55.7090742,37.6208836,Билайн,Офис
55.776902,37.524158,Билайн,Офис
55.6960399,37.6657596,Билайн,Офис
55.7298998,37.7299798,Билайн,Офис
55.7085468,37.6563209,Билайн,Офис
55.7649933,37.5572991,Билайн,Офис
55.8139667,37.6049352,Билайн,Офис
55.797052,37.7166036,Билайн,Офис
55.8060868,37.637583,Билайн,Офис
55.7934468,37.5918487,Билайн,Офис
55.7305341,37.7312645,Билайн,Офис
55.7800395,37.6013035,Билайн,Офис
55.8242406,37.6348311,Билайн,Офис
55.7826037,37.72104,Билайн,Офис
55.7442242,37.5092205,Билайн,Офис
55.811284,37.5603917,Московский художественно-производственный комбинат,Офис
55.7802238,37.69207,BNS Club,Офис
55.7706164,37.6160357,Юридическая консультация № 5,Офис
55.7038094,37.6946249,ЦИТМ Экспонента,Офис
55.7797717,37.688659,Филиал дирекции по строительству сетей,Офис
55.7778145,37.6743065,Служба автоматики и связи,Офис
55.8122576,37.5637029,Отделение социальной реабилитации детей и подростков инвалидов,Офис
55.7916268,37.5820908,"Международный культурно-деловой центр ""ГРААЛЬ""",Офис
55.8071088,37.5745324,SV-Garant,Офис
55.7441143,37.6568895,Столичная судоходная компания,Офис
55.8125515,37.5850707,Пятая газета,Офис
55.8125048,37.5850788,Надежный страховщик,Офис
55.7720619,37.5759413,Винсер,Офис
55.7694808,37.6416117,АО «Авиапром»,Офис
55.7500989,37.5347601,Яндекс,Офис
55.7783413,37.7042892,Простор недвижимость,Офис
55.7816914,37.7054467,Билайн,Офис
55.7816502,37.7054163,МегаФон,Офис
55.7010849,37.6867813,Жилищник района Южнопортовый,Офис
55.703905,37.6196605,Московский государственный педагогический университет,Университет
55.7039692,37.6201647,Гуманитарно-правовой колледж,Университет
55.7521648,37.6688402,СПИД.центр,Офис
55.7745386,37.6739472,Инкотек карты и атласы,Офис
55.7442738,37.655892,"ФГУП Охрана, отдел по ЦАО",Офис
55.744772,37.6560136,Банк непрофильных активов Траст,Офис
55.7469959,37.661337,Машиноимпорт,Офис
55.7723456,37.6781415,T2,Офис
55.7414015,37.6061885,Департамент капитального строительства ГлавУпДК при МИД России,Офис
55.7405447,37.7057594,R-Studios,Офис
55.7856905,37.6603899,Ipsos,Офис
55.801408,37.5318893,Билайн,Офис
55.7895307,37.5332585,Билайн,Офис
55.7495051,37.5418228,Билайн,Офис
55.71083,37.676486,Билайн,Офис
55.7479064,37.7051908,Билайн,Офис
55.7847499,37.6837733,РЭУ 52,Офис
55.744786,37.6303133,Президентский фонд культурных инициатив,Офис
55.7508499,37.584525,Фонд президентских грантов,Офис
55.742614,37.6282395,Департамент культурного наследия г. Москвы,Офис
55.7149447,37.6060457,Кошкина Елена Сергеевна,Офис
55.7465115,37.6736198,Центр московского долголетия,Офис
55.7430994,37.6337099,Proffinans,Офис
55.7665083,37.6616693,Главный информационно-вычислительный центр Министерства культуры Российской Федерации,Офис
55.7642381,37.6510511,Центр корпоративного учёта и отчётности Желдоручёта,Офис
55.7869903,37.6739095,Видео8,Офис
55.7692334,37.6633592,Московский Государственный академический камерный хор,Офис
55.7692695,37.6634207,Русский хор,Офис
55.7333232,37.6465908,Виртуозы Москвы,Офис
55.7722003,37.497388,CarPrice,Офис
55.7542434,37.6389335,"ОДС № 1 ГБУ ""Жилищник Басманного района""",Офис
55.7531921,37.6396993,Мосаэро,Офис
55.7233877,37.6554613,Реюнико,Офис
55.7704815,37.6225111,Skupkamd.ru,Офис
55.7947818,37.7105136,Amio,Офис
55.7947366,37.7105118,Коллегия адвокатов Артура Катанского,Офис
55.7946913,37.7105118,Адвокатский кабинет Захаров Н.В.,Офис
55.794524,37.7105038,Проектная организация,Офис
55.8014513,37.5320703,Билайн,Офис
55.7107485,37.6766279,Билайн,Офис
55.7479094,37.7051935,Билайн,Офис
55.7453362,37.6467334,Дезконтроль,Офис
55.7454841,37.6466596,Представительство Ульяновской области при Правительстве РФ,Офис
55.7442982,37.6478451,Концерн Радиоэлектронные технологии,Офис
55.7510105,37.5654037,Посольство Королевства Бахрейн,Офис
55.7873491,37.5336935,Мосинжпроект,Офис
55.7776922,37.6389227,Представительство Донецкой Народной республики в Москве,Офис
55.7702672,37.682244,РЕСО-Гарантия,Офис
55.7702332,37.6819611,Королайна Инжиниринг,Офис
55.7963371,37.7050088,Экон-бухгалтер,Офис
55.7099159,37.625159,Росэнергоатом,Офис
55.7599112,37.6863509,Союз десантников России,Офис
55.7429077,37.5268131,PrimeCord,Офис
55.7461927,37.6547758,Неософт,Офис
55.7278962,37.6139498,Визовый центр Италии Almaviva Russia,Офис
55.7856661,37.563435,Офис продаж ЖК «Царская площадь»,Офис
55.7629201,37.6050057,Госфильмофонд,Офис
55.7592482,37.5925796,Международная ассоциация Союзов архитекторов,Офис
55.7581213,37.633979,Илья Кудрин,Офис
55.7620628,37.5960034,Федеральная пробирная палата,Офис
55.7496175,37.6056213,Спецмашмонтаж,Офис
55.7562561,37.6547398,Bosfor pictures,Офис
55.739444,37.5372255,Финам,Офис
55.7391035,37.5376084,Управа района Дорогомилово,Офис
55.7389155,37.5387999,Д. С. Бублий,Офис
55.7409033,37.539209,Delomant Group,Офис
55.7412891,37.5401651,"ОДС № 588 ГБУ ""Жилищник района Дорогомилово""",Офис
55.7406775,37.540089,РЕСО-Гарантия,Офис
55.740845,37.5398606,В. Д. Цабрия,Офис
55.7806746,37.6393627,Все вместе,Офис
55.7777623,37.6841798,Институт лингвистики и межкультурной коммуникации,Университет
55.7077524,37.5982743,Комплексный вычислительный центр Дмнг СФГ,Офис
55.7626216,37.6371328,Леджит,Офис
55.757848,37.57314,Ренессанс страхование,Офис
55.7090591,37.5930262,Ренессанс страхование,Офис
55.729311,37.609173,Ренессанс страхование,Офис
55.746899,37.663112,Maryway,Офис
55.7968463,37.5988553,Институт Мосинжпроект,Офис
55.7961684,37.5997531,Институт Мосинжпроект,Офис
55.7777296,37.6024225,СПБ Биржа,Офис
55.7601492,37.6586786,"ОДС № 10 ГБУ ""Жилищник Басманного района""",Офис
55.7619081,37.6566803,"ОДС № 19 ГБУ ""Жилищник Басманного района""",Офис
55.7401114,37.543357,Отдел социальной защиты населения района Дорогомилово,Офис
55.8198423,37.6350242,"ГБУ ""Жилищник"" Останкинского района",Офис
55.7882572,37.6353534,ППК Профиль,Офис
55.7167531,37.633706,Неосфера,Офис
55.7522947,37.5972097,"ООО ""ПОЛИМЕР МЕ""",Офис
55.7924605,37.6086142,Телеграф,Офис
55.7942754,37.7164319,Без названия,Офис
55.7706263,37.6788208,Давыдов Александр Игоревич,Офис
55.7706343,37.6787761,Судебный центр оценки и экспертизы,Офис
55.7705922,37.6788203,Смирнова Ольга Владимировна,Офис
55.8027765,37.5380978,Макс-М,Офис
55.7307697,37.6449054,Psycho Place,Офис
55.7403431,37.6324613,Psycho Place,Офис
55.7465507,37.5795722,Psycho Place,Офис
55.7307176,37.6383488,МТС,Офис
55.7871343,37.6848583,Центральное конструкторское бюро тяжелых путевых машин,Офис
55.7353087,37.585051,KR Недвижимость,Офис
55.7094905,37.5904267,Элеосмед,Офис
55.7735268,37.7093523,ОДС № 21,Офис
55.7900622,37.7127962,Мосинтер,Офис
55.7900645,37.7128646,Геокадастр,Офис
55.7540954,37.6306334,Комбинат питания «Кремлёвский»,Офис
55.7559476,37.6292463,Главное управление специальных программ Президента Российской Федерации,Офис
55.7828028,37.7156702,Комитет солдатских матерей Москвы,Офис
55.801183,37.5855482,Научно-исследовательский и конструкторский институт химического машиностроения,Офис
55.7918741,37.6026808,МосВодоСтрой,Офис
55.7900947,37.5978622,Следственный отдел ОМВД России по Тверскому району Г. Москвы,Офис
55.7943508,37.6043022,Многофункциональный центр предоставления государственных и муниципальных услуг района Марьина роща,Офис
55.7769517,37.5770254,Инженерная служба района Беговой,Офис
55.7815961,37.5852008,Московско-Смоленская дистанция электроснабжения,Офис
55.7863094,37.5722377,Жилищник района Беговой,Офис
55.7858464,37.5709502,Управление на транспорте МВД России по центральному федеральному округу,Офис
55.8035528,37.5529486,Научно-исследовательский институт дальней радиосвязи,Офис
55.8070907,37.5667579,Ant technologies,Офис
55.8163306,37.5836743,Совет ветеранов №7 Бутырского района,Офис
55.8163487,37.5836691,Совет ветеранов №5 Бутырского района,Офис
55.8163669,37.5836639,Совет ветеранов №4 Бутырского района,Офис
55.8163851,37.5836588,Совет ветеранов №3 Бутырского района,Офис
55.8162939,37.5836875,"Организация инвалидов ""Бутырский""",Офис
55.817717,37.5840232,Жилищник Бутырского района ОДФ №551,Офис
55.7882639,37.5668371,"Всероссийское физкультурно-спортивное общество ""Динамо""",Офис
55.816937,37.5906739,"ОДС № 557 ГБУ ""Жилищник Бутырского района""",Офис
55.727783,37.6243908,Pac Group,Офис
55.7421047,37.6597816,Без названия,Офис
55.7770429,37.6814412,Московский государственный академический симфонический оркестр под управлением Павла Когана,Офис
55.77843,37.6672026,Россети Московский регион,Офис
55.7788697,37.6666018,Всероссийский научно-исследовательский институт геофизических методов разведки,Офис
55.8143208,37.5924334,Центральный НИИ организации и информатизации здравоохранения Минздрава России,Офис
55.8140369,37.5915025,Отдел Военного комиссариата - Бутырский,Офис
55.73863,37.628663,Голд Бизнес,Офис
55.7756075,37.5860551,Exmail,Офис
55.801878,37.5921893,Dalli,Офис
55.739274,37.611687,Кортекс,Офис
55.7697871,37.6204303,Diamond Personnel R&C,Офис
55.7904409,37.6769083,Образцова Елена Петровна,Офис
55.786338,37.6115119,Постоянное представительство главы Удмуртской республики при президенте Российской федерации,Офис
55.7656331,37.6490307,Секретариат делегации Российской Федерации в Европейской комиссии за демократию через право (Венецианская комиссия),Офис
55.7810622,37.5833595,Филина Елена Анательевна,Офис
55.7325058,37.682039,"Высшая Школа Кино и Телевидения ""Останкино""",Университет
55.7832439,37.6304135,НИИ СК - НИИ стартовых комплексов им. В.П. Бармина,Офис
55.7618953,37.6481523,Народные художественные промыслы России,Офис
55.8135236,37.6320845,Фабрика-прачечная №55,Офис
55.8014578,37.5700974,"ОДС ТСЖ ""Наш Дом""",Офис
55.769268,37.6268823,Падва и партнеры,Офис
55.7703302,37.6453896,Федеральная служба по ветеринарному и фитосанитарному надзору,Офис
55.7297231,37.6345387,Вертолётная сервисная компания,Офис
55.7624264,37.6069577,Chalet Studio,Офис
55.771541,37.6297791,Феникс,Офис
55.7722222,37.620028,Управа Тверского района города Москвы,Офис
55.7035129,37.6915477,РусБизнесОценка,Офис
55.7034512,37.6914653,Консалт плюс,Офис
55.7035123,37.6915101,Ligir,Офис
55.7582276,37.6259022,Постнаука,Офис
55.7035008,37.691499,ГустоЛайф,Офис
55.7763173,37.6682393,ТрансТелеКом,Офис
55.8026008,37.5697204,Инспекция Ростехнадзора,Офис
55.7263956,37.6887087,Эксперт Клининг,Офис
55.8063218,37.5808701,Совет ветеранов,Офис
55.7349096,37.6145523,ВНИПИнефть,Офис
55.7786427,37.5879418,Nextons,Офис
55.7152452,37.6963207,Новые знания,Университет
55.7101229,37.6648611,Инспекция по контролю за состоянием художественного оформления и рекламы,Офис
55.7647473,37.6546996,Приоритет,Офис
55.767904,37.6749569,Смородина,Офис
55.7713019,37.6754934,Мосводосбыт,Офис
55.751227,37.5337101,Яндекс,Офис
55.780271,37.6003298,T2,Офис
55.7700375,37.515218,Росгеолфонд,Офис
55.7395822,37.6699374,Без названия,Офис
55.7665426,37.7330301,Принтсувенир,Офис
55.7662527,37.7326169,Гранд-Альфа,Офис
55.7586973,37.7336591,Дизайн стиль,Офис
55.7707223,37.6068681,Росинфра,Офис
55.7496426,37.537641,Tapper,Офис
55.7667251,37.6028659,Моснедвижимость,Офис
55.7256374,37.6431245,Капитал Life,Офис
55.7740899,37.6290697,Капитал Life,Офис
55.745065,37.622514,Капитал Life,Офис
55.7656178,37.6114342,Awatera,Офис
55.7432413,37.585693,Awatera,Офис
55.7496636,37.5371772,Awatera,Офис
55.7660692,37.5328748,Awatera,Офис
55.7790681,37.5871521,Awatera,Офис
55.7471397,37.5365603,Awatera,Офис
55.7421989,37.6530346,Awatera,Офис
55.7642132,37.6088767,Beauty Toria,Офис
55.763565,37.6099321,Особые подарки,Офис
55.8005309,37.554921,Ngenix,Офис
55.8184515,37.5900516,Подсолнух,Школа
55.7830863,37.7055489,Управление лицензирования и аккредитации,Офис
55.7705363,37.6608696,РЖД-Транспортная безопасность,Офис
55.7709098,37.6609791,МосжилНИИпроект,Офис
55.8158011,37.5899309,"Совет ветеранов района ""Бутырский""",Офис
55.7829566,37.716059,Экобур,Офис
55.7618228,37.6579786,Экобур,Офис
55.7915679,37.585323,Пресс Бюро,Офис
55.7746134,37.5484425,Ора Консалтинг,Офис
55.710673,37.6695255,Плюсофон,Офис
55.7996347,37.5306487,Dk Entertainment,Офис
55.7564802,37.6326665,Megagroup.ru,Офис
55.7642298,37.614964,Юридический центр,Офис
55.6870295,37.5854945,Atmokids,Офис
55.7098752,37.6070833,Кристи,Офис
55.7463756,37.5107105,Филиал РПОХБВ Роспотребнадзора,Офис
55.7710884,37.602776,Региональная общественная организация многодетных семей,Офис
55.7569662,37.6769713,"ООО ""ОРП-Инжиниринг""",Офис
55.7753712,37.6398245,Центр социально-трудовой адаптации и профориентации,Офис
55.7361321,37.6511337,Дирекция объединения Выставочные залы Москвы,Офис
55.7692303,37.5910252,РЕСО-Гарантия,Офис
55.8126095,37.592079,Школьный межрайонный совет СВАО,Офис
55.7888118,37.7291611,НТЦ “Вулкан”,Офис
55.7705032,37.7029789,Мосгорспорт,Офис
55.7626509,37.6338896,Независимая газета,Офис
55.8037515,37.5707333,Благотворительный фонд «Зажги свечу»,Офис
55.7740205,37.6391307,Москоллектор,Офис
55.7754861,37.6398857,Служба финансового контроля,Офис
55.7423324,37.6417431,"ФГУП ""Оборонпромэкология""",Офис
55.6909757,37.6587242,Самолет Плюс,Офис
55.715511,37.612306,Самолет Плюс,Офис
55.7420765,37.6596887,Оконный континент,Офис
55.7529694,37.5758949,Единый визовый центр,Офис
55.7731591,37.6219886,Единый визовый центр,Офис
55.7393413,37.52684,Единый визовый центр,Офис
55.8141988,37.5950767,Кадровый центр Департамента культуры города Москвы,Офис
55.7513518,37.6067518,Pro poest,Офис
55.7427718,37.6460762,"ОДС № 4 ГБУ ""Жилищник Таганского района""",Офис
55.8052517,37.5740053,МОЭК,Офис
55.804397,37.583279,CarPrice,Офис
55.7103319,37.6531071,Абсолют Страхование,Офис
55.7364798,37.5343662,СберЛизинг,Офис
55.7302471,37.6198243,Освобождение,Офис
55.7495438,37.7113826,ППК Роскадастр,Офис
55.7095354,37.646676,Юридическая Фирма по Экстрадиции,Офис
55.7442589,37.5431451,ОДС № 714,Офис
55.7820124,37.629869,Газпромбанк Автолизинг,Офис
55.760697,37.5988519,Российское авторское общество,Офис
55.7603439,37.5992677,"Группа ""ОНЭКСИМ""",Офис
55.771776,37.6200287,Мосметрострой,Офис
55.7120379,37.6124432,Ингосстрах,Офис
55.7407931,37.5464147,"ОДС № 586 ГБУ ""Жилищник района Дорогомилово""",Офис
55.7383944,37.5166042,Самолет Плюс,Офис
55.7863883,37.5602729,Миронова Ирина Вячеславовна,Офис
55.7763837,37.6907538,Медный Всадник,Офис
55.7552523,37.6450956,Издательство Видар,Офис
55.7366683,37.7371167,Юниметалл,Офис
55.7840652,37.5973192,Московская осетинская община,Офис
55.723921,37.6537813,Netwell,Офис
55.800509,37.6366764,Тсн Недвижимость,Офис
55.8111353,37.5770055,Адвокат Федосеева С. Н.,Офис
55.8127248,37.5761873,Адвокат по гражданским делам Голованова,Офис
55.8114965,37.5767599,Positive2B,Офис
55.7950604,37.6127119,РЕСО-Гарантия,Офис
55.7941089,37.6095733,Столица,Офис
55.7943972,37.6094064,Без названия,Офис
55.7935989,37.6091357,Сарапульский радиозавод,Офис
55.7959016,37.6154937,Совет ветеранов ПО № 3,Офис
55.8152062,37.598758,Элемент,Офис
55.8152439,37.5988157,Комплексные Системы и Сети,Офис
55.7963355,37.6170519,Бюро переводов,Офис
55.7531139,37.7148321,ОДС №4,Офис
55.7526221,37.7147495,Управление городским имуществом в Юго-Восточном округе,Офис
55.7523965,37.7155467,Кирилл и Мефодий,Офис
55.7524657,37.7158832,Верас АСЦ,Офис
55.7125163,37.6457128,МТС,Офис
55.7168823,37.6288846,КНГК-ИНПЗ,Офис
55.6894032,37.5765487,Без названия,Офис
55.6897926,37.5791602,Эльгрант,Офис
55.7322876,37.7321362,Самолет Плюс,Офис
55.7690719,37.6443368,Турпомощь,Офис
55.8040142,37.5632338,МС Прайс,Офис
55.8057431,37.5889385,ТехАргос,Офис
55.7315188,37.6444441,Сигнатек,Офис
55.7506508,37.5392184,Бастион,Офис
55.8056587,37.5888714,Гарда Технологии,Офис
55.7758233,37.6775583,Основа Лаб,Офис
55.7631161,37.610136,Союз женщин России,Офис
55.7652106,37.6387364,Psycho Place,Офис
55.7591577,37.6404315,Psycho Place,Офис
55.7882994,37.5678381,Sok Рыбаков Тауэр,Офис
55.7371728,37.6356026,Обит,Офис
55.7962921,37.617273,Матиосов В. В.,Офис
55.7654918,37.6387587,Призыва.Нет,Офис
55.6918026,37.5724446,Российский Красный Крест,Офис
55.7719792,37.5814577,Самолет Плюс,Офис
55.7746964,37.5517952,УФНС России по городу Москве,Офис
55.7705324,37.5837712,РЕСО-Гарантия,Офис
55.7390785,37.6293138,Правовой Альянс 24,Офис
55.7257446,37.6486847,Wilstream,Офис
55.7763211,37.6754478,Майлс,Офис
55.7694506,37.6448464,Твоё время,Офис
55.770638,37.5249839,Группа Партнер,Офис
55.762185,37.5641227,Mod,Офис
55.7245936,37.7213001,Группа Партнер,Офис
55.7495911,37.5383573,Megagroup,Офис
55.7784828,37.637921,Сибур Полилаб,Офис
55.7528029,37.7089288,Центр экологической безопасности гражданской авиации,Офис
55.802902,37.5391462,Исаева Мария Игоревна,Офис
55.771651,37.650839,"ЦИТ ""Роскадастр-Инфотех""",Офис
55.6903045,37.6576835,Страна Девелопмент,Офис
55.8109026,37.5575935,ОДС №4,Офис
55.7564402,37.5931764,Ассоциация российских банков,Офис
55.8057861,37.580751,Гера,Офис
55.7505988,37.7088961,"ФГБУ ""ДОД Росимущества""",Офис
55.7962179,37.7126039,"Офис продаж ЖК ""Преображенская площадь""",Офис
55.8054839,37.5584713,Без названия,Офис
55.8053723,37.5588924,Без названия,Офис
55.7499402,37.5375838,Юнистрах,Офис
55.7626256,37.6564054,Союз ПНК,Офис
55.749515,37.537707,Hr-profi,Офис
55.7402865,37.6299495,Квартиры Москвы,Офис
55.7635673,37.6191777,Visa Vezde,Офис
55.7492137,37.5367455,Адвокат Репников И.В.,Офис
55.747067,37.534833,Нью Вэй Лоджистик,Офис
55.7731183,37.6599486,Бюро судебно-медицинской экспертизы,Офис
55.7100322,37.6105412,Аронов & партнёры,Офис
55.7324592,37.6713578,CarPrice,Офис
55.7290885,37.7203903,ПЭК: Easyway,Офис
55.7880264,37.6786906,СДЭК,Офис
55.7776961,37.639191,Посольство Демократической Республики Конго в Российской федерации,Офис
55.7277821,37.615701,Посольство Албании,Офис
55.8178029,37.648205,Росреестр,Офис
55.7481038,37.5566533,ДокМобиль,Офис
55.7122591,37.6165695,Посольство Боливии,Офис
55.7284283,37.6131685,Посольство Бурунди,Офис
55.7606268,37.6353581,Ассоциация армянских юристов,Офис
55.7437464,37.6102392,Российский НИИ культурного и природного наследия им. Д.С. Лихачева,Офис
55.6938999,37.5645444,Информатика и управление,Офис
55.6904871,37.5675246,Юридическое бюро Ефремова,Офис
55.6888663,37.5716636,Level,Офис
55.7183631,37.6296769,"АНО ""Центр политических стратегий""",Офис
55.6938178,37.5710356,Инстройсервис,Офис
55.7480456,37.6519762,Каркасник,Офис
55.7941118,37.6921325,ИТЕМА,Офис
55.7239445,37.6370573,Cocar,Офис
55.7720638,37.612794,Православный Свято-Тихоновский гуманитарный университет,Университет
55.7673978,37.633439,7 региональный отдел надзорной деятельности и профилактической работы Управления по ЦАО Главного управления МЧС России по г. Москве,Офис
55.7443858,37.6305422,Визовый центр Греции,Офис
55.8180069,37.5967437,Vector 100,Офис
55.8151618,37.6010151,Оберег-Групп,Офис
55.7747808,37.6119921,ФГУП «Охрана» Росгвардии,Офис
55.7498698,37.5373192,Win-Win,Офис
55.7663025,37.6105781,Win-Win,Офис
55.744021,37.627186,Win-Win,Офис
55.8085127,37.6297907,DataCatalog,Офис
55.7271358,37.6257572,Архив внешней политики Российской империи,Офис
55.7384579,37.6199636,Институт географии РАН,Офис
55.7387343,37.6226766,Институт Цветметобработка,Офис
55.7686675,37.6094601,Московская городская Дума,Офис
55.7614469,37.6238701,Win-Win,Офис
55.7730088,37.5915895,Win-Win,Офис
55.7469649,37.5989983,Win-Win,Офис
55.7263843,37.6813683,Идеи Сруба,Офис
55.8047957,37.5659157,Эй Си Эм,Офис
55.8048681,37.5660847,АМДтехнологии,Офис
55.8046495,37.5660633,Икар,Офис
55.8058788,37.5672448,AT Consulting,Офис
55.8048259,37.570159,Germes,Офис
55.804945,37.5700611,Юнистрой-проект,Офис
55.8042455,37.5706981,GTU Group,Офис
55.8055427,37.5683042,Валидата,Офис
55.8054402,37.5683847,Enstruct,Офис
55.8053542,37.5655523,AROUND,Офис
55.8198639,37.576587,Журавлева М. Н.,Офис
55.8193927,37.5775287,МегаФон,Офис
55.7105012,37.6549428,Самолет Плюс,Офис
55.7743381,37.5203045,Самолет Плюс,Офис
55.7317333,37.6174678,Представительство Правительства Тюменской области в органах государственной власти РФ,Офис
55.7318609,37.6181088,Представительство Ямало-Ненецкого автономного округа при Правительстве РФ,Офис
55.7424325,37.7075968,WAPP,Офис
55.7291627,37.6941401,РЭК-5,Офис
55.7344804,37.6150856,ФинТех,Офис
55.8044552,37.5833387,"Группа ""Эталон""",Офис
55.7346329,37.6170775,Asterisk,Офис
55.771826,37.6789473,Стиль жизни,Офис
55.7420969,37.5353681,Транспортные технологии,Офис
55.7350452,37.6636004,Graver one,Офис
55.7777361,37.7366504,LikePrint,Офис
55.7496506,37.5382595,Личные Наличные,Офис
55.7406838,37.6302515,Самолет Плюс,Офис
55.812143,37.5937262,Инспекция Федеральной налоговой службы № 15 по г. Москве,Офис
55.7608804,37.6005162,Управление капитального строительства,Офис
55.7615497,37.6012847,"Представительство ПАО ""Татнефть"" в г. Москве",Офис
55.7652099,37.5989538,Интус,Офис
55.7459846,37.5116371,Мосгаз Участок #3,Офис
55.7458067,37.5113052,Московская энергетическая дирекция,Офис
55.7354758,37.4998163,Чистый Выкуп By Smile025,Офис
55.7348292,37.6594095,Московский филиал «Центратомтехэнерго» АО «Атомтехэнерго»,Офис
55.7422696,37.5591523,Гравитон,Офис
55.742364,37.5591742,Росгосстрах,Офис
55.7416851,37.501397,Бизнес Центр Рубин,Офис
55.7716081,37.6038261,Российский союз писателей,Офис
55.7477202,37.5865696,ПСК Союз тест,Офис
55.7448319,37.5438157,Оператор информационной системы,Офис
55.7714075,37.5763884,"Центральная городская детская библиотека им. А.П. Гайдара. Административно-производственный отдел, отдел комплектования",Офис
55.7717288,37.5764152,Фонд развития гражданского общества,Офис
55.8160219,37.5701965,Без названия,Офис
55.8045222,37.5833259,СПМ-жилстрой,Офис
55.7910424,37.6006758,Нотариус Н. Б. Савченко,Офис
55.711045,37.6202133,Deco Residence,Офис
55.783888,37.6318102,МАКОМНЕТ,Офис
55.7693193,37.6395692,Жилищник Красносельского района,Офис
55.7693593,37.6404342,ГЖА.рф,Офис
55.735912,37.6132072,Acibadem,Офис
55.7706637,37.6412737,"КП НТЦ ""ЭКО""",Офис
55.7738628,37.6500271,Центр Арбитража и права на Порываевой,Офис
55.7721226,37.6498742,Желдорипотека,Офис
55.7722327,37.649783,Inex,Офис
55.7724334,37.6496851,Абк-Инвест,Офис
55.7852046,37.6566656,Жилищник Красносельского района,Офис
55.7869307,37.6625302,СМ-знак,Офис
55.7764527,37.6700022,Ветторг,Офис
55.777724,37.5035048,AdMos,Офис
55.7660933,37.6332218,ОГРК,Офис
55.8199011,37.5764662,Vysotsky,Офис
55.7860997,37.7199751,Vysotsky,Офис
55.753149,37.715831,Vysotsky,Офис
55.7433229,37.4998408,Vysotsky,Офис
55.7766892,37.6756383,Vysotsky,Офис
55.6944013,37.6657891,Vysotsky,Офис
55.7323902,37.7320933,Vysotsky,Офис
55.7027329,37.581541,Vysotsky,Офис
55.7306897,37.6260442,Vysotsky,Офис
55.770939,37.6556799,AST,Офис
55.770942,37.6553057,РЖД-ТехСервис,Офис
55.7709458,37.6555029,Carrot Media,Офис
55.8012983,37.5714478,Гольфстрим,Офис
55.7718027,37.6653197,РосПрофЖел,Офис
55.7717892,37.6655102,ПГК,Офис
55.7720924,37.669901,Нотариус Аверина Елена Леонтьевна,Офис
55.6951904,37.6256593,TheOffice,Офис
55.7651819,37.6084676,Призма,Офис
55.7971146,37.5768672,Кушнарёв&Никитин и партнёры,Офис
55.8088023,37.564816,Качай Права!,Офис
55.8146181,37.5634266,Мегапарк,Офис
55.8143917,37.5625965,Игрология,Офис
55.7873485,37.6119746,Правовой центр помощи призывникам Султана Мирзаева,Офис
55.7935335,37.5126511,"Местное отделение политической партии ""Единая Россия""",Офис
55.7862626,37.613014,"Дубровская, Кузнецова и партнеры",Офис
55.7866223,37.61176,Квайссер Фарма,Офис
55.7735693,37.6693171,М. Тех,Офис
55.7857876,37.6141123,Фирн М,Офис
55.7860613,37.6093474,Novard,Офис
55.7862532,37.6087915,Цифровая логистика,Офис
55.7862656,37.6326022,Audio Art,Офис
55.78482,37.6296866,Каскад-Холдинг,Офис
55.786142,37.6318766,Культурное представительство при посольстве Ирана,Офис
55.7866434,37.6320121,"Адвокатское бюро ""Марусенко и партнёры""",Офис
55.7861827,37.6314931,Проектно-конструкторское бюро московского метрополитена,Офис
55.7860666,37.6306897,Трансинфосеть,Офис
55.7859142,37.6344851,Нотариус Фельде Марина Геннадиевна,Офис
55.7868719,37.637127,АльфаСтрахование,Офис
55.7698479,37.5907344,ФГУП «НТЦ «Заря»,Офис
55.7700948,37.5901927,Маяк,Офис
55.7809928,37.6388705,"Гравиметрическая лаборатория ППК ""Роскадастр""",Офис
55.7863139,37.6389764,finoarte,Офис
55.7861442,37.6389308,rutube,Офис
55.7511565,37.5892496,Федеральная служба по надзору в сфере природопользования,Офис
55.7500002,37.5345647,Департамент торговли и услуг г. Москвы,Офис
55.8236462,37.5762838,ОДС №552,Офис
55.7620703,37.6777276,Самолет Плюс,Офис
55.7322116,37.7321723,Las Vegas,Офис
55.7642313,37.6300541,Управление ФСБ России по г. Москве и Московской области,Офис
55.792803,37.5715175,Соф-Транс,Офис
55.7878167,37.6406327,Eco Village,Офис
55.7886085,37.6414588,Злато-Окна,Офис
55.7886032,37.6411289,OZERO,Офис
55.7886198,37.6412804,Sibcoffee,Офис
55.7874676,37.6358315,Atlas Language Service,Офис
55.7874299,37.6357068,Нотариус Маскинская Татьяна Всеволодовна,Офис
55.7873907,37.6356009,ФинессКо,Офис
55.7874103,37.6358275,Лингво Сервис,Офис
55.7109043,37.6562872,Человеческие ресурсы,Офис
55.7845388,37.6369567,Моя работа,Офис
55.7814513,37.6392339,Вологодский текстильный комбинат,Офис
55.7828329,37.6386733,Дзержинское межрайонное общество охотников и рыболовов,Офис
55.782808,37.6388209,Центр правовой помощи мигрантам В. В. Коженова,Офис
55.7828186,37.638735,Ремстройсервис,Офис
55.7812933,37.6387384,Центральная дирекция пассажирских обустройств РЖД,Офис
55.7817409,37.6394016,"Удостоверяющий центр ""Основание""",Офис
55.7820471,37.645517,Правительственный вокзал,Офис
55.7590912,37.7325869,Рикши Рекламы,Офис
55.7650869,37.7270588,Кош-Ка,Офис
55.7362717,37.5009358,Русзолото,Офис
55.7506851,37.5172954,Адвокат,Офис
55.7999694,37.5729632,Единая Россия,Офис
55.8122259,37.5694844,Единая Россия,Офис
55.6896937,37.5917844,Nakleyka,Офис
55.7550653,37.6440051,Мир Новостей,Офис
55.7550641,37.6439255,ФинМониторинг - ЦФО,Офис
55.7826156,37.5508587,НИИ Молекулярной медицины,Университет
55.7804473,37.5563253,МГМУ Сеченова,Университет
55.7566999,37.6754722,19g Atelier,Офис
55.7722549,37.6476213,РИНФИН,Офис
55.7142583,37.5671672,Russian Rhythmic Gymnastics Federation,Офис
55.7987472,37.5244441,Сонсу до,Офис
55.7865175,37.5307775,Дирекция парка,Офис
55.7364435,37.6599821,Российская Премьер-Лига,Офис
55.7956377,37.7055824,Общество охотников и рыболовов административных и правоохранительных органов,Офис
55.7468195,37.5393901,Сделай сделку,Офис
55.7962363,37.7006793,Миллениум,Офис
55.7309087,37.6413999,Литерра,Офис
55.7494085,37.5375018,brainbox.Vc,Офис
55.7097555,37.6185388,Кредитный оздоровитель,Офис
55.7097691,37.6185385,Бюро,Офис
55.7097853,37.6185382,Правовой центр собственников недвижимости,Офис
55.717652,37.5116761,"ООО ""Лабсиз""",Офис
55.7093332,37.6179829,IG production,Офис
55.7967128,37.6900021,Марсель,Офис
55.7601333,37.561988,GetCourse,Офис
55.7498761,37.5710647,Point Design,Офис
55.755475,37.5085821,Академическая Гимназия,Школа
55.7504673,37.508522,Приёмная ФТС,Офис
55.7960453,37.7072274,Ваша кадровая служба,Офис
55.796252,37.7080159,"ООО ""Космические дали""",Офис
55.7842177,37.6736024,ТрансКонтейнер,Офис
55.7527656,37.6524398,Лаборатория нанокомпозитов на основе промышленных полимеров,Офис
55.7784601,37.6293942,Центр противопожарной пропаганды и общественных связей ​Федеральной противопожарной службы,Офис
55.7686788,37.6352414,Консалт Про,Офис
55.8044142,37.5904384,Eft Group,Офис
55.7391092,37.5172345,Art Area,Офис
55.7391128,37.5171596,Enigma Design Studio,Офис
55.7390958,37.5171468,MSF studio,Офис
55.7337426,37.620213,Без названия,Офис
55.7338265,37.6196927,Московский авиационный центр,Офис
55.729023,37.618766,Российский союз строителей,Офис
55.7318058,37.6271036,Нетрис,Офис
55.7056271,37.6118579,АНТОР,Офис
55.7635013,37.6077553,Bentonit,Офис
55.7484348,37.5419971,"ПАО ""Транснефть""",Офис
55.73133,37.6219082,"ПАО ""Транснефть""",Офис
55.6927565,37.6597167,Лотос,Офис
55.7918484,37.6031703,Транзит,Офис
55.7441771,37.5417382,Моспароходство,Офис
55.8042575,37.6190952,Terradeck,Офис
55.7041224,37.6255184,Самолет Плюс,Офис
55.7806596,37.6024069,Самолет Плюс,Офис
55.7695019,37.6282197,Самолет Плюс,Офис
55.7477574,37.5966759,Rhyme,Офис
55.7526733,37.7021955,IGA Systems,Офис
55.7506387,37.5390067,Globecast Russia,Офис
55.718664,37.5924017,штаб УД РАН,Офис
55.7186418,37.5924553,технический надзор УД РАН,Офис
55.7519188,37.6355553,Росатом,Офис
55.7932798,37.6099337,Самолет Плюс,Офис
55.7379566,37.6380712,Зетта Страхование,Офис
55.7802748,37.6326262,Адвокат Лычагин А.А.,Офис
55.73667,37.5895876,Страна Девелопмент,Офис
55.7095387,37.625571,Modis,Офис
55.7915322,37.6768566,Диалект,Офис
55.7656838,37.6113285,Самолет Плюс,Офис
55.7834952,37.7202955,Самолет Плюс,Офис
55.802677,37.5266635,Без названия,Офис
55.7684701,37.5682395,Центр Правовой Помощи,Офис
55.7686001,37.5674701,Содействие,Офис
55.7991253,37.6726759,Desoutter Tools,Офис
55.7777402,37.5870456,Игроник,Офис
55.7592376,37.666221,Gosurf,Офис
55.7295306,37.5635411,Институт клинической морфологии и цифровой патологии,Университет
55.7926677,37.709721,Без названия,Офис
55.7939806,37.7196157,Администрация Преображенского рынка,Офис
55.7520448,37.6000106,МТС,Офис
55.7309895,37.6413554,Адвокатская контора №1,Офис
55.7039927,37.6531653,Единая россия,Офис
55.7508314,37.7195398,Без названия,Офис
55.762047,37.633321,ГК ФСК,Офис
55.68588,37.624741,Роттердам,Офис
55.7646634,37.50972,Sydney City,Офис
55.7821551,37.5099292,Рихард,Офис
55.7514113,37.5967775,Первый ДСК,Офис
55.7509543,37.6552454,Адвокат Лычагин А.А.,Офис
55.7652589,37.6220236,arcsinus,Офис
55.7858151,37.6746596,Charm Rus Distribution,Офис
55.7554568,37.5565887,Формула Рекламы,Офис
55.7631357,37.5082041,IBG,Офис
55.7378144,37.5892027,Союз Журналистов России,Офис
55.7376218,37.6353197,Синимекс,Офис
55.7990296,37.5368216,Адвокатская контора 4,Офис
55.7094773,37.6463763,MusBooking,Офис
55.824238,37.6503428,Самолет Плюс,Офис
55.7514569,37.5958438,Объединенная Вагонная Компания,Офис
55.7391246,37.6304403,FESCO,Офис
55.776303,37.6737928,Бухгалтерское агентство Валерии Кривонос,Офис
55.7110635,37.6112564,Студия красоты,Офис
55.7501057,37.7198621,Без названия,Офис
55.7501789,37.6771367,Линк-Сервис,Офис
55.7274387,37.5871619,Защита,Офис
55.7361536,37.6422031,ЮMoney,Офис
55.7950813,37.7131543,Транзит,Офис
55.7597377,37.6532341,Яковлев&Партнёры,Офис
55.7618827,37.6087137,МТС,Офис
55.7330235,37.6434229,Эволюция,Офис
55.7405009,37.5977683,Посольство Хорватии,Офис
55.7756605,37.5951613,Щербакова Наталья Николаевна,Офис
55.7931964,37.6976285,Грин Код,Офис
55.7428911,37.5582631,Самолет Плюс,Офис
55.7055805,37.688773,ПЭК: Easyway,Офис
55.788235,37.567873,id`ea,Офис
55.7859928,37.5735648,Бармина Анна Владимировна,Офис
55.7212926,37.6368942,WestMotors,Офис
55.7402623,37.6053737,Российский союз научных и инженерных общественных объединений,Офис
55.6923982,37.6226404,BeBrand,Офис
55.7898564,37.6786879,Чистый лист,Офис
55.7439076,37.6196185,Представительство Европейского Союза,Офис
55.8013699,37.5614465,Вистерма,Офис
55.7422698,37.5239267,Азбука вкуса,Офис
55.7240836,37.504134,Nova,Офис
55.800372,37.615174,Октябрьская 98,Офис
55.7493048,37.5995796,Галчонок,Офис
55.6961919,37.6256514,СберТех,Офис
55.7081066,37.6949055,INpacks,Офис
55.7762654,37.627327,Мой гектар,Офис
55.7589464,37.6563933,Департамент информационных технологий г. Москвы,Офис
55.7625311,37.6365304,Kelin,Офис
55.7345506,37.6257824,Качай права!,Офис
55.73962,37.6051766,Самолет Плюс,Офис
55.738245,37.5803425,Самолет Плюс,Офис
55.789505,37.569817,Амаль,Офис
55.7084283,37.6532061,АдминВПС,Офис
55.8043892,37.5520201,Центральное диспетчерское управление топливно-энергетического комплекса,Офис
55.764837,37.6627952,Комплексная лаборатория исследования внеземных территорий,Офис
55.7317794,37.5878616,Кошелев,Офис
55.787215,37.6710449,Про налог,Офис
55.7884177,37.6715787,Без названия,Офис
55.7800832,37.6056969,Komatsu,Офис
55.7782987,37.6098463,Московский фонд мира,Офис
55.7711404,37.6136631,СоюзДонСтрой,Офис
55.7730423,37.5918779,Прокошенкова Елена Евгеньевна,Офис
55.7739544,37.5889648,СитиАрбитр,Офис
55.7727867,37.609669,Мосремонт,Офис
55.7922676,37.6093072,Chattaev Protection,Офис
55.7908162,37.6094359,Без названия,Офис
55.7498166,37.5377846,УК Первая,Офис
55.7028968,37.6914476,Bell Integrator,Офис
55.7654459,37.6385655,Psycho Place,Офис
55.7361542,37.5896353,Psycho Place,Офис
55.7408565,37.6301292,Psycho Place,Офис
55.7637738,37.6077733,Призыва нет,Офис
55.7718767,37.6362298,Отряд СЭС-ИЗИ,Офис
55.7693759,37.6337703,Газпром,Офис
55.76766,37.634766,za bor,Офис
55.8020069,37.5701898,Два М,Офис
55.8072204,37.5749266,Русоблстройтранс,Офис
55.7869684,37.6322937,Эталон,Офис
55.7786985,37.6140372,Нотариус города Москвы Шарафетдинов Т. Н.,Офис
55.7975377,37.5693492,ПЭК: Easyway,Офис
55.778611,37.6122764,ЮММЭК,Офис
55.7773823,37.6118794,Wonderland,Офис
55.7855008,37.7053386,Трейд Лайт,Офис
55.7777368,37.6147795,Опора России,Офис
55.7780415,37.6156915,LL.C-Право,Офис
55.7775083,37.6162923,Rue de vin,Офис
55.7774238,37.6168207,"ГБУ ""Жилищник Тверского района""",Офис
55.7649714,37.6502283,"ГБУ ""Ритуал"" г. Москвы",Офис
55.7552192,37.5970052,Без названия,Офис
55.6845755,37.621829,Astra Linux,Офис
55.748842,37.6946226,LC-Кабель,Офис
55.799284,37.52704,Самолет Плюс,Офис
55.7895144,37.6351175,Самолет Плюс,Офис
55.818172,37.579084,МГТС,Офис
55.7373269,37.6588114,Стрельченко Д.А.,Офис
55.7538207,37.5877221,Всемирный банк,Офис
55.7567652,37.6033571,Агентство креативных индустрий,Офис
55.7807394,37.574362,Мосгоргеотрест,Офис
55.7435403,37.5487845,Окна мира,Офис
55.7415401,37.5515901,Мосэнергосбыт,Офис
55.7800953,37.6336966,RocketData,Офис
55.775956,37.6919755,Штампы и Печати,Офис
55.7613369,37.551358,Кодекс,Офис
55.7520743,37.5825602,1147 productions,Офис
55.8033493,37.5928464,Два дивана,Офис
55.80746,37.6355794,Freedom,Офис
55.6951314,37.6252419,Мечты в квадрате,Офис
55.7821896,37.710177,Moscow Neon,Офис
55.7529725,37.5806795,Канавара Логистик,Офис
55.7344575,37.6644002,Naumen,Офис
55.7746624,37.6291448,Immigrantконсалт,Офис
55.7664098,37.5257534,Фактор-ТС,Офис
55.6927736,37.5746893,Роснано,Офис
55.7503127,37.5394651,Цифра брокер,Офис
55.7580257,37.6266141,Московский фонд реновации жилой застройки,Офис
55.757373,37.6282543,Всероссийское ордена Трудового Красного Знамени общество слепых,Офис
55.7284317,37.6312235,Чистый лист,Офис
55.819327,37.5785209,Чистый лист,Офис
55.798032,37.7171882,Dez,Офис
55.73455,37.656467,Dez,Офис
55.772066,37.6121597,Общественный штаб по контролю за реализацией программы реновации,Офис
55.791861,37.6047357,Российский университет транспорта. Академия гражданской авиации,Университет
55.7542253,37.6351073,Довгилова и партнеры,Офис
55.7649526,37.7268094,Славкартон,Офис
55.7777752,37.5050691,Геоцентр-Консалтинг,Офис
55.7572446,37.6074166,Московская высшая школа социальных и экономических наук,Университет
55.8086189,37.5793802,Самолет Плюс,Офис
55.7389848,37.5155691,Русхимбио,Офис
55.7391615,37.515454,Термостудия,Офис
55.7372304,37.5166743,Ноосфера,Офис
55.7675902,37.6026258,Без названия,Офис
55.778249,37.6994186,Полезный юрист,Офис
55.7105672,37.6753111,МТС,Офис
55.775494,37.581927,МТС,Офис
55.6987276,37.6389619,МТС,Офис
55.7694878,37.6296698,K&K Legal Solutions,Офис
55.7697399,37.6288583,Vero lex,Офис
55.7765836,37.6997378,KTS,Офис
55.7775852,37.6437896,Авангард-Гарант,Офис
55.7712966,37.6135531,Олма-Финанс,Офис
55.7591407,37.6656759,BNS group,Офис
55.7541036,37.6663243,Газстройтехнология,Офис
55.7530189,37.6643592,Аудитория,Офис
55.7530055,37.6643181,Без названия,Офис
55.7536536,37.6666152,ФГБОУ Центр агроаналитики,Офис
55.7641641,37.6576956,Юридический центр Поддержка,Офис
55.762268,37.6576862,Мальцева Светлана Викторовна,Офис
55.7644916,37.6602557,Научно-технический центр Взрывобезопасность,Офис
55.7628716,37.6622057,научно исследовательская часть,Офис
55.760687,37.6642845,Анигард,Офис
55.7607132,37.6643475,Cloud com,Офис
55.7599115,37.6642984,Горпроект,Офис
55.7637333,37.7281934,Kit,Офис
55.7185328,37.6901919,Sitronics Group,Офис
55.730565,37.56886,Минстрой России,Офис
55.768921,37.6068275,Ассамблея народов Евразии и Африки,Офис
55.7948732,37.5925461,МТС,Офис
55.7719506,37.6184361,Московский городской сад Эрмитаж,Офис
55.768322,37.6192957,Русугольхолдинг,Офис
55.7728603,37.6185514,"ГКУ ""Энергетика""",Офис
55.7722546,37.6191697,"НП ""ABOK""",Офис
55.7566198,37.5956641,Живи,Офис
55.7427062,37.5430447,Представительство клиники Топ Ихилов,Офис
55.7478747,37.5788909,Центр гигиенического образования населения,Офис
55.7817605,37.7007437,СМУ 24 Метростроя,Офис
55.8099636,37.6811005,Первомайский совхоз декоративного садоводства,Офис
55.815594,37.6018345,Verity group,Офис
55.7151818,37.6738425,Институт геотехники и инженерных изысканий в строительстве,Офис
55.8003508,37.6150497,Стремянный 2,Офис
55.6960498,37.5754872,Арбор,Офис
55.7394649,37.6655495,"Федеральная служба по экологическому, технологическому и атомному надзору. Общественная приемная",Офис
55.7376231,37.6558318,Бендерский и партнёры,Офис
55.7721724,37.620785,T2,Офис
55.7436753,37.6533567,Агентство по страхованию вкладов,Офис
55.7532496,37.6392697,Промсвязьбанк,Офис
55.7532419,37.6393351,Без названия,Офис
55.7434517,37.6530725,АО Камаз,Офис
55.7453504,37.6492412,Общественная наблюдательная комиссия города Москвы,Офис
55.7470871,37.6469614,Без названия,Офис
55.7495202,37.646315,Assetra,Офис
55.7837266,37.600299,Закон,Офис
55.7514898,37.6409177,Театр наций,Офис
55.7879321,37.6332915,Золотая плата,Офис
55.7821605,37.5869554,Торговый Дом ТМХ,Офис
55.7455447,37.6240787,Росатом Наука,Офис
55.7451733,37.6317588,Без названия,Офис
55.7683761,37.6140843,Мосремонт,Офис
55.7025077,37.5659982,Personal message,Офис
55.7725383,37.606986,Без названия,Офис
55.7346681,37.645854,Экспобанк,Офис
55.7382962,37.6443186,"ФГУП ""Морсвязьспутник""",Офис
55.7414685,37.6422756,Московский Университет им. А.С. Грибоедова,Университет
55.7476646,37.6495179,Посольство Республики Маврикий,Офис
55.747233,37.6545657,АО Баварский Дом,Офис
55.7483168,37.6477317,Академия Рудомино,Офис
55.7672658,37.6179385,Российский православный университет святого Иоанна Богослова,Университет
55.7684563,37.6197383,Арт Лайф,Офис
55.7689748,37.6249473,Metrika flex,Офис
55.7390947,37.652692,Без названия,Офис
55.7395397,37.6478965,Без названия,Офис
55.7853298,37.5848945,Ред Софт,Офис
55.7340892,37.654657,Без названия,Офис
55.7344409,37.6623452,Первый Бит,Офис
55.7464113,37.6668006,Московская Ассоциация Предпринимателей,Офис
55.7471849,37.6628004,Без названия,Офис
55.747001,37.6616114,Satellite Telecom,Офис
55.7458314,37.6599384,Ажур Аудит,Офис
55.7189543,37.6001796,РН-Карт,Офис
55.723228,37.6098597,РН-Карт,Офис
55.7803713,37.5874258,Аякс,Офис
55.7331892,37.535069,Без названия,Офис
55.7449008,37.6374858,Российский государственный университет им. А.Н. Косыгина. Технологии. Дизайн. Искусство,Университет
55.7345848,37.6424724,Яндекс,Офис
55.7435266,37.6383679,Научно-просветительский центр «Холокост»,Офис
55.7358326,37.6432056,Лукойл,Офис
55.7349353,37.643376,МСП Банк,Офис
55.7390158,37.6409337,Delta Finance,Офис
55.7389902,37.6410649,Octagram,Офис
55.7409143,37.6405756,Security Vision,Офис
55.7424235,37.6388681,Ценности и смыслы,Офис
55.7424358,37.6389214,"ЭТАП: Экономическая Теория, Анализ, Практика",Офис
55.7127975,37.66054,Дилявер,Офис
55.7641067,37.7035772,Танперевод,Офис
55.7665853,37.7058039,ЖК Лефортово корпус 3,Офис
55.7379707,37.6499366,Учебный комбинат ВДОАМ,Офис
55.7368217,37.6507289,Без названия,Офис
55.7393655,37.65239,Российский футбольный союз,Офис
55.7672673,37.6239088,ВТБ,Офис
55.7381102,37.6601469,nest,Офис
55.7352177,37.6652895,Без названия,Офис
55.7561012,37.6205606,РТРС,Офис
55.7619886,37.6241107,Без названия,Офис
55.7239939,37.5038722,HRP,Офис
55.7132837,37.6622815,Прецедент,Офис
55.7140335,37.6635428,Алгоритм,Офис
55.7136278,37.663693,Корпорация недвижимости,Офис
55.7139322,37.6635937,Русское время,Офис
55.7457445,37.6696253,Сбербанк,Офис
55.7448291,37.6696213,Сбербанк,Офис
55.7576383,37.6571875,Без названия,Офис
55.7741578,37.6234625,Федеральная таможенная служба РФ,Офис
55.7740922,37.6241854,Федеральная служба исполнения наказаний,Офис
55.7430283,37.6712906,"Соколов, Трусов и партнёры",Офис
55.7464385,37.6729937,Международный союз электросвязи. Региональное отделение,Офис
55.7439405,37.6620701,"Российское физкультурно-спортивное общество ""Локомотив""",Офис
55.7465399,37.6750951,РЕСО-Гарантия,Офис
55.7439789,37.6612396,Московский джазовый оркестр под управлением Игоря Бутмана,Офис
55.7524273,37.6367138,Министерство здравоохранения Российской Федерации,Офис
55.7297794,37.6459,Парижская Коммуна,Офис
55.7327141,37.6411805,Без названия,Офис
55.7437644,37.6492082,АТНК Инвест,Офис
55.7419246,37.6526152,Без названия,Офис
55.7396893,37.64821,Огородников и партнёры,Офис
55.7413649,37.6483361,Желдорреммаш,Офис
55.7419391,37.6471052,ЦАМ,Офис
55.7396897,37.6482755,Городские реновации,Офис
55.7400053,37.6497596,Дом правосудия,Офис
55.7405982,37.6499885,Главное бюро медико-социальной экспертизы,Офис
55.74131,37.6485886,Космическая связь,Офис
55.7470376,37.5853858,Фонд ветеранов дипломатической службы,Офис
55.7464186,37.5859923,Без названия,Офис
55.7434261,37.5880226,Дом форест,Офис
55.7431704,37.5881839,Фонд поддержки и развития отечественной культуры,Офис
55.7425349,37.5885911,Без названия,Офис
55.7470676,37.5853592,"Фонд поддержки и защиты прав соотечественников, проживающих за рубежом",Офис
55.688764,37.5846003,Тверской буфер,Офис
55.730421,37.5490997,Госархив России,Офис
55.7399924,37.5928142,Постоянный комитет союзного государства,Офис
55.7391782,37.5951695,Предуниверситарии московского государственного лингвистического университета,Школа
55.7396637,37.5932738,Резиденция посла Таиланда,Офис
55.7588181,37.6556187,ГлавУпДК МИД России,Офис
55.7559008,37.6533168,Межрегиональный Регистраторский Центр,Офис
55.7543612,37.6540808,Изарус Фильм,Офис
55.7537706,37.6535854,Школа ЦПМ,Школа
55.7510708,37.6459435,Вокруг Света,Офис
55.7454271,37.6492112,"Общественная палата Российской Федерации, Заместитель председателя комиссии",Офис
55.7314952,37.6352224,Без названия,Офис
55.7332739,37.6341116,Национальный Благотворительный Центр,Офис
55.7352455,37.6322147,Федеральная Налоговая Служба,Офис
55.738741,37.6304449,Без названия,Офис
55.7434663,37.630407,Жилищник района Замоскворечье. ОДС Участка №4,Офис
55.7431921,37.6306292,Без названия,Офис
55.7422185,37.6310222,Россия Сегодня,Офис
55.7358309,37.6368953,Жилищник района Замоскворечье,Офис
55.7414916,37.6329461,Инсайт,Офис
55.7414351,37.6322249,Otar Group,Офис
55.7350973,37.6328033,Мосводосток,Офис
55.7478113,37.5966758,МОЭК,Офис
55.7468905,37.5876572,Всероссийское общество охраны природы,Офис
55.7476052,37.5871804,Издательство Прометей,Офис
55.7472836,37.6021148,АБ Доктор права,Офис
55.7452947,37.6029107,Без названия,Офис
55.7453269,37.6017741,Ассоциация ветеранов СВО,Офис
55.7462325,37.6005954,Территория первых,Офис
55.7529432,37.6063645,ВЭБ РФ,Офис
55.7512008,37.6072333,Частная практика,Офис
55.7512283,37.6072496,Без названия,Офис
55.751066,37.6073247,Без названия,Офис
55.8011975,37.5840674,Ама,Офис
55.7308426,37.717823,Без названия,Офис
55.736812,37.692698,Московский колледж информационных технологий,Университет
55.7366779,37.6940326,Институт деловой карьеры,Университет
55.7692907,37.6070192,Артсмед,Офис
55.7691503,37.6081243,Министерство здравоохранения Российской Федерации,Офис
55.7344858,37.6649297,Инспекция Федеральной Налоговой Службы №5,Офис
55.7483442,37.6606043,SoundProLab,Офис
55.7463355,37.6578388,Без названия,Офис
55.7466516,37.6591159,Горнорудный дивизион корпорации Росатом,Офис
55.7259954,37.578103,Российский детско-юношеский центр,Офис
55.7249105,37.574187,Sea Breeze,Офис
55.7268441,37.5717931,Усачёвъ Недвижимость,Офис
55.7259523,37.572407,Времена Года,Офис
55.725523,37.5719327,Без названия,Офис
55.7204064,37.5675849,Без названия,Офис
55.7227723,37.5668087,"Мой семейный центр ""Семья""",Офис
55.7798009,37.5853993,Без названия,Офис
55.7482774,37.6385792,Без названия,Офис
55.7869727,37.6006782,Другая Россия Э. В. Лимонова,Офис
55.6873379,37.5882779,Энергоучет,Офис
55.7573597,37.610417,Solar,Офис
55.7576804,37.6456641,Представительство Республики Сербской в Российской Федерации,Офис
55.7531827,37.6466439,Всероссийское Общество Охраны Памятников Истории И Культуры,Офис
55.7531994,37.6466587,Центр Консервации И Возрождения Культурного Наследия,Офис
55.753235,37.646597,Первый Почётный Консул Черногории,Офис
55.7660811,37.631382,Би-газ-си,Офис
55.761903,37.6232717,Центр Розыска И Информации,Офис
55.744984,37.6541685,Промплан,Офис
55.745055,37.6525841,Рэм Консалтинг,Офис
55.7453611,37.6535187,Постоянное Представительство Республики Алтай,Офис
55.6869588,37.636196,Офмс продаж в ЖК Шагал,Офис
55.7420068,37.6675371,Таганский Детский Фонд,Офис
55.7398652,37.662999,МИЦ-Недвижимость,Офис
55.7941588,37.6539993,Высота-Сервис,Офис
55.745166,37.5892358,Без названия,Офис
55.7451888,37.5890249,Жилстандарт,Офис
55.7497394,37.5374946,Anwin,Офис
55.7621597,37.5944209,Буровые машины Германии,Офис
55.7288762,37.6806255,Без названия,Офис
55.7326551,37.6714327,Инком Недвижимость,Офис
55.7646501,37.6170516,Генеральная Прокуратура Российской Федерации,Офис
55.753194,37.5991994,МТС,Офис
55.7638207,37.6074525,Без названия,Офис
55.7524097,37.6612498,Без названия,Офис
55.7707723,37.6139702,Оборонлогистика,Офис
55.7286188,37.6626628,Без названия,Офис
55.7310757,37.6703183,АльфаСтрахование,Офис
55.7313856,37.6693107,Без названия,Офис
55.7311771,37.6666658,Центр Московского Долголетия,Офис
55.7312576,37.6664377,Без названия,Офис
55.7313056,37.6657828,Без названия,Университет
55.7322847,37.6637165,Гипроснаб,Офис
55.7343692,37.6596698,Без названия,Офис
55.744178,37.6446465,Министерство по чрезвычайными ситуациям,Офис
55.7577146,37.5926607,Центр содействия развитию предпринимательства,Офис
55.759662,37.5845697,Dogma,Офис
55.7578023,37.5832675,ВЭБ РФ,Офис
55.7581261,37.5819516,Эксперт,Офис
55.7663304,37.5790303,Без названия,Офис
55.7674242,37.5793754,Диатех,Офис
55.7717729,37.5838317,Альфа Ипотека,Офис
55.7724544,37.5846833,"АО ""Москоллектор""",Офис
55.7529909,37.6052824,Legenda,Офис
55.7060792,37.6471187,AlexPromo,Офис
55.7078088,37.6504582,Додо Офис,Офис
55.7053927,37.6375268,Без названия,Офис
55.767394,37.6024649,Станкоинструмент,Офис
55.7564503,37.6326086,Без названия,Офис
55.7589836,37.6289572,Госинспекция по недвижимости,Офис
55.7575156,37.6606742,МТС,Офис
55.7315218,37.6409063,МТС,Офис
55.7769713,37.6596496,МТС,Офис
55.7718752,37.6802972,МТС,Офис
55.7426132,37.5545391,МТС,Офис
55.7297547,37.6396309,МТС,Офис
55.7768159,37.6569781,МТС,Офис
55.8181667,37.5789553,МТС,Офис
55.7935735,37.7087259,МТС,Офис
55.7432383,37.5009352,МТС,Офис
55.788383,37.6785269,МТС,Офис
55.7519822,37.5931737,МТС,Офис
55.7585925,37.6024143,Посольство Греции,Офис
55.7597543,37.603615,Архстройдизайн,Офис
55.7594843,37.6031997,Yamaha Artist Services,Офис
55.7593306,37.6035027,Посольство Катара,Офис
55.7542618,37.6019312,Союз журналистов России,Офис
55.7540058,37.6023134,Ваша земля,Офис
55.7544706,37.6018103,Русская Гуманитарная Миссия,Офис
55.7584211,37.6016281,Sirius Law Company,Офис
55.7590691,37.6031436,Без названия,Офис
55.7636457,37.6168374,Московская торгово-промышленная палата,Офис
55.8138197,37.6026216,Яндекс Еда,Офис
55.7618062,37.6072097,Департамент экономической политики и развития города Москвы,Офис
55.7114848,37.6562051,РБК,Офис
55.7337625,37.6245109,Без названия,Офис
55.7380464,37.6187132,Атомкомплект,Офис
55.7394838,37.6177552,Атом-Тор,Офис
55.7393846,37.6177931,СоюзАтом России,Офис
55.7393899,37.612952,Лексикон,Офис
55.7398418,37.6122548,БКС Мир инвестиций,Офис
55.7394814,37.6115581,RTA,Офис
55.7749061,37.5826447,T2,Офис
55.7627479,37.625503,Великанов Групп,Офис
55.7558549,37.5640007,РТК-Сервис,Офис
55.7569736,37.5649927,Военно-промышленная компания,Офис
55.7576068,37.5629995,Insight,Офис
55.7558853,37.5659127,Честный знак,Офис
55.7559507,37.5659604,Фонд общественного мнения,Офис
55.7557869,37.565315,Yadro,Офис
55.7560329,37.5652126,Okko,Офис
55.7563556,37.5660429,РНКО Единая касса,Офис
55.730226,37.734602,Центр московского долголетия,Офис
55.7300474,37.7345719,Без названия,Офис
55.7612403,37.5630096,Главное управление обустройства войск,Офис
55.6899642,37.5838289,МосЭнегроСбыт,Офис
55.7578,37.6127122,Инюрколлегия,Офис
55.7613932,37.6172401,Моспроект-3,Офис
55.7611017,37.6170962,Московский городской совет женщин,Офис
55.7610803,37.6164887,Bulgaria Air,Офис
55.7610856,37.6164259,Итиль Армеец,Офис
55.7607285,37.6160442,Дирекция театра оперетты,Офис
55.7600536,37.6143277,Комитет по делам воинов-интернационалистов,Офис
55.7636578,37.5522271,Без названия,Офис
55.7226819,37.6554612,Apex,Офис
55.7233599,37.6521345,Bloks,Офис
55.7901135,37.5692537,Procon,Офис
55.7742543,37.5776356,Т-Банк,Офис
55.7652025,37.5684079,"ООО ""Бюро 1440""",Офис
55.7186137,37.6470732,МСКомп,Офис
55.709357,37.5908494,Ингосстрах,Офис
55.7163046,37.6009735,РН-Влакра,Офис
55.7233127,37.6067842,Представительство республики Тыва в Москве,Офис
55.7167664,37.6020379,"НК ""Роснефть""",Офис
55.7240973,37.608251,РТ-Регистратор,Офис
55.7252189,37.6077698,Без названия,Офис
55.7107501,37.5989594,"Коллегия адвокатов ""Донская'",Офис
55.8070902,37.6458975,"ООО ""ТЕМП-БП""",Офис
55.7079499,37.6571499,Чистый лист,Офис
55.79386,37.5099743,Чистый лист,Офис
55.7714341,37.66862,Школа №354 имени Д.М. Карбышева,Школа
55.7713005,37.6696865,Easy Recruit,Офис
55.7470846,37.630977,Гэотар,Офис
55.7517436,37.599886,Аэрофлот,Офис
55.743763,37.5645768,Юрист Кшевицкий,Офис
55.7211787,37.5247657,Адвокатский кабинет на Мосфильме,Офис
55.74881,37.6664,СТБПроект,Офис
55.7487617,37.6658956,The Edger's,Офис
55.7489459,37.6657402,Криотоп,Офис
55.7493469,37.6653909,БТК,Офис
55.7674247,37.559285,Всероссийское общество глухих,Офис
55.7591473,37.5547317,Без названия,Офис
55.7649783,37.5557971,Без названия,Офис
55.768623,37.5550791,Ритуал,Офис
55.7680818,37.5572517,Да-Тим,Офис
55.7851338,37.5684209,Kept,Офис
55.7344735,37.5182198,Нотариус Мусаелян Яна Львовна,Офис
55.7612531,37.558714,Без названия,Офис
55.7610079,37.558372,Московский Комсомолец,Офис
55.7307314,37.6476415,OOO «Реадовка.ру»,Офис
55.7710118,37.6006158,Главное следственное управление Следственного комитета по Московской области,Офис
55.7689823,37.6573444,Без названия,Офис
55.7697993,37.6577483,ЗарубежТрансСтрой,Офис
55.7697548,37.6556592,Правление Всероссийского казачьего общества,Офис
55.7702134,37.6574368,Федерация гимнастики России,Офис
55.7706669,37.6583737,Справедливая помощь доктора Лизы,Офис
55.7710181,37.6588923,Честь и Слава,Офис
55.7710518,37.6588498,Транс-софт,Офис
55.7288164,37.6458466,Azur air LLC,Офис
55.7304966,37.6347511,Ренессанс страхование,Офис
55.7269786,37.6260698,T2,Офис
55.7256542,37.6259665,Без названия,Офис
55.7256254,37.6260181,Электротранспроект,Офис
55.7257254,37.6259716,Universal Translations,Офис
55.7226509,37.6269128,Без названия,Офис
55.7706648,37.6553077,БетЭлТранс,Офис
55.7706637,37.6553868,Роспрофжел,Офис
55.7248428,37.6105705,Главное управление экономической безопасности и противодействия коррупции МВД РФ,Офис
55.7664805,37.6167911,Без названия,Офис
55.7083193,37.6529801,ИТ Система,Офис
55.7517322,37.6620246,SFA RUS,Офис
55.7518671,37.6621055,BM Group,Офис
55.7404937,37.6718811,Без названия,Офис
55.753251,37.6688415,Московский Исследовательский Центр,Офис
55.7458877,37.6744223,Информационный аналитико-статистический РосМорРечФлота,Офис
55.7469563,37.671043,Моя карьера,Офис
55.7661341,37.6170574,Московская ассоциация жертв незаконных репрессий,Офис
55.7662292,37.6150189,Всероссийская ассоциация рыбопромышленников,Офис
55.7662797,37.6150525,Без названия,Офис
55.758624,37.6592392,Без названия,Офис
55.7599533,37.6645081,Опус,Офис
55.763678,37.6594552,MBDS,Офис
55.7628123,37.6610109,Стройгазпроект,Офис
55.7436883,37.6738551,ПрофТехСервис,Офис
55.7437786,37.6745733,Столичный Профессиональный Колледж,Университет
55.7396803,37.6153448,Интеррос,Офис
55.7262706,37.5855009,Без названия,Офис
55.726292,37.585439,Миэль,Офис
55.7333342,37.5934408,"Дирекция конечных линий ""Конечная станция «Крымская»""",Офис
55.733115,37.5908775,Роскадастр,Офис
55.7170054,37.6834729,EasyTo.1098,Офис
55.7769036,37.6951481,Колледж малого бизнеса №4,Университет
55.7649194,37.6167865,Научно-практический клинический центр диагностики и телемедицинских технологий,Офис
55.7534046,37.7246424,ООО ТеплоВентМаша,Офис
55.769106,37.6296515,Relod,Офис
55.7627974,37.6196523,Представительство Амурской области,Офис
55.7669168,37.6389958,ТрансОйл,Офис
55.7619,37.6188589,Без названия,Офис
55.768838,37.6406397,Москоллектор РЭК-1,Офис
55.7650128,37.6226626,Объединённая экспортная корпорация,Офис
55.7692513,37.6276386,Ван Борк,Офис
55.7692755,37.6276431,Техно,Офис
55.7772421,37.7324893,Без названия,Офис
55.7730814,37.6150565,Единый заказчик в сфере строительства,Офис
55.7320696,37.7314191,РЕСО-Гарантия,Офис
55.7337969,37.6598895,Red,Офис
55.7670434,37.5938379,Пилия Инга Алексеевна,Офис
55.7690988,37.5850067,Интерфест,Офис
55.7691522,37.5850098,Стройлюкс,Офис
55.7691901,37.5850337,Стройсервис №5,Офис
55.7693739,37.5852188,Тетра-юнион,Офис
55.7698397,37.5857399,Жилищник Пресненского района,Офис
55.7704851,37.5866003,СОГАЗ,Офис
55.7707093,37.5859598,Росгвардия,Офис
55.7738798,37.5913675,Посольство Республики Таджикистан,Офис
55.7741716,37.5919391,Пепеляев Групп,Офис
55.7745268,37.5927609,Группа ГМС,Офис
55.775274,37.5945621,Союз композиторов России,Офис
55.770308,37.5972684,Москоллектор РЭК-1,Офис
55.7707127,37.5968144,Горинвест,Офис
55.7707284,37.5967614,Центр поставок и хранения,Офис
55.7723037,37.6000101,Стальмост,Офис
55.772405,37.6010524,Без названия,Офис
55.7726034,37.6019535,Эпидбиомед,Офис
55.7686644,37.5891266,Центральный университет,Университет
55.7615369,37.6467544,Glow,Офис
55.7467476,37.6570851,Европейская туристическая компания,Офис
55.7492917,37.65482,Центральный Дом Недвижимости,Офис
55.7683723,37.5726813,Без названия,Офис
55.7585424,37.5921114,Юридическая Литература,Офис
55.7589325,37.5877347,Без названия,Офис
55.7588789,37.5882614,Ex Leges,Офис
55.7569312,37.609836,Департамент гражданского строительства,Офис
55.7574327,37.6110337,Ассоциация банков России,Офис
55.757482,37.6111024,Ростинвест,Офис
55.748936,37.6523057,"Национальный исследовательский университет ""Московский авиационный институт""",Университет
55.7957413,37.6984985,ADL,Офис
55.7654064,37.6159174,Barnes,Офис
55.8010501,37.5543552,РДП.РУ,Офис
55.731323,37.6457037,Данные – центр обработки и автоматизации,Офис
55.7588028,37.5789024,Havanttur,Офис
55.7550493,37.5816073,Без названия,Офис
55.7594489,37.5788487,Общественная Приёмная Депутата Муниципального Округа Пресненский,Офис
55.7353131,37.6106487,Воскресная школа,Школа
55.7402152,37.6106629,Управляющий БП «Красный Октябрь»,Офис
55.740412,37.6090756,Virtu Systems,Офис
55.7411044,37.6091459,Сноб.,Офис
55.7407294,37.6091574,Star Media,Офис
55.7641128,37.617394,Самолёт Плюс,Офис
55.7605615,37.6353868,Правое дело,Офис
55.7605845,37.6353383,1С:БухОбслуживание,Офис
55.759088,37.634,Фонд содействия инновациям,Офис
55.7582482,37.6342626,Без названия,Офис
55.7565331,37.6339827,Министерство финансов Российской Федерации,Офис
55.749629,37.5373928,БЕСТ-Новострой,Офис
55.7598731,37.6528957,CreativePeople,Офис
55.7419189,37.6644042,Объединённая диспетчерская служба №13,Офис
55.7547283,37.594897,Расвэро,Офис
55.7548533,37.5935709,Без названия,Офис
55.7552218,37.586832,Коллегия Военно-промышленной Комиссии Российской Федерации,Офис
55.7551563,37.5868022,Аппарат Правительства Российской Федерации,Офис
55.754858,37.5872229,Центр по работе с населением Центрального административного округа города Москвы,Офис
55.7540547,37.5868125,"ГБУ ""Доринвест""",Офис
55.7563523,37.5868115,Представительство лиги арабских государств в Москве,Офис
55.7863752,37.7265761,РэдКаско,Офис
55.7863641,37.7263907,Derren,Офис
55.7834979,37.7201338,Без названия,Офис
55.741988,37.6623396,ЛДПР,Офис
55.7667452,37.6068487,Московский городской совет ветеранов войны и труда,Офис
55.7693835,37.6016305,Знамя,Офис
55.7688212,37.6006317,Медицина будущего,Офис
55.768762,37.5985567,а101,Офис
55.765839,37.5913936,Издательство «Музыка»,Офис
55.7679648,37.6270571,Без названия,Офис
55.7679623,37.6295556,Единая Россия,Офис
55.7679823,37.6270877,Дальэнергомост,Офис
55.7673171,37.6122442,Министерство науки и высшего образования Российской Федерации,Офис
55.7703966,37.6118539,Федеральная налоговая служба,Офис
55.8029246,37.5392294,Word House,Офис
55.7273586,37.6682815,ОДС №246,Офис
55.6942377,37.6073219,Дирекция строительства и эксплуатации объектов гаражного назначения города Москвы,Офис
